gameId,teamId,teamCity,teamName,teamTricode,teamSlug,personId,firstName,familyName,nameI,playerSlug,position,comment,jerseyNum,minutes,fieldGoalsMade,fieldGoalsAttempted,fieldGoalsPercentage,threePointersMade,threePointersAttempted,threePointersPercentage,freeThrowsMade,freeThrowsAttempted,freeThrowsPercentage,reboundsOffensive,reboundsDefensive,reboundsTotal,assists,steals,blocks,turnovers,foulsPersonal,points,plusMinusPoints,source_game_id,collection_timestamp,endpoint,startersBench
2022300449,1612709909,Delaware,Blue Coats,DEL,blue-coats,1630358.0,Chris,Clarke,C. Clarke,chris-clarke,F,,,36:25,2,7,0.286,0,1,0.0,2,2,1.0,0,5,5,8,2,0,2,2,8,-14.0,2022300449,2025-08-10T09:48:01.225309,BoxScoreTraditionalV3,
2022300449,1612709909,Delaware,Blue Coats,DEL,blue-coats,1628982.0,Melvin,Frazier Jr.,M. Frazier Jr.,melvin-frazier-jr,F,,,32:25,7,15,0.467,2,7,0.286,2,3,0.667,3,8,11,1,2,2,1,4,19,-7.0,2022300449,2025-08-10T09:48:01.225309,BoxScoreTraditionalV3,
2022300449,1612709909,Delaware,Blue Coats,DEL,blue-coats,1627775.0,Patrick,McCaw,P. McCaw,patrick-mccaw,C,,,33:49,4,7,0.571,1,3,0.333,0,0,0.0,1,3,4,6,0,1,0,2,9,-19.0,2022300449,2025-08-10T09:48:01.225309,BoxScoreTraditionalV3,
2022300449,1612709909,Delaware,Blue Coats,DEL,blue-coats,1628876.0,Jared,Brownridge,J. Brownridge,jared-brownridge,G,,,36:05,5,14,0.357,5,11,0.455,0,0,0.0,0,1,1,2,0,1,0,2,15,-19.0,2022300449,2025-08-10T09:48:01.225309,BoxScoreTraditionalV3,
2022300449,1612709909,Delaware,Blue Coats,DEL,blue-coats,1631198.0,Aminu,Mohammed,A. Mohammed,aminu-mohammed,G,,,33:55,5,14,0.357,0,0,0.0,0,2,0.0,5,11,16,3,1,3,3,2,10,5.0,2022300449,2025-08-10T09:48:01.225309,BoxScoreTraditionalV3,
2022300449,1612709909,Delaware,Blue Coats,DEL,blue-coats,1631173.0,Terquavion,Smith,T. Smith,terquavion-smith,,,,29:58,10,21,0.476,4,11,0.364,1,1,1.0,2,1,3,3,1,0,0,2,26,-4.0,2022300449,2025-08-10T09:48:01.225309,BoxScoreTraditionalV3,
2022300449,1612709909,Delaware,Blue Coats,DEL,blue-coats,1629051.0,Quinton,Rose,Q. Rose,quinton-rose,,,,19:19,6,12,0.5,3,7,0.429,0,0,0.0,1,1,2,3,2,2,2,2,15,8.0,2022300449,2025-08-10T09:48:01.225309,BoxScoreTraditionalV3,
2022300449,1612709909,Delaware,Blue Coats,DEL,blue-coats,1630306.0,Rob,Edwards,R. Edwards,rob-edwards,,,,18:04,3,7,0.429,0,3,0.0,0,0,0.0,0,0,0,3,2,2,2,2,6,15.0,2022300449,2025-08-10T09:48:01.225309,BoxScoreTraditionalV3,
2022300449,1612709909,Delaware,Blue Coats,DEL,blue-coats,1630542.0,Marcus,Bagley,M. Bagley,marcus-bagley,,DND - Injury/Illness,,,0,0,0.0,0,0,0.0,0,0,0.0,0,0,0,0,0,0,0,0,0,0.0,2022300449,2025-08-10T09:48:01.225309,BoxScoreTraditionalV3,
2022300449,1612709909,Delaware,Blue Coats,DEL,blue-coats,1641741.0,Ricky,Council IV,R. Council IV,ricky-council-iv,,NWT - Not With Team,,,0,0,0.0,0,0,0.0,0,0,0.0,0,0,0,0,0,0,0,0,0,0.0,2022300449,2025-08-10T09:48:01.225309,BoxScoreTraditionalV3,
2022300449,1612709909,Delaware,Blue Coats,DEL,blue-coats,1629600.0,Jarron,Cumberland,J. Cumberland,jarron-cumberland,,DND - Injury/Illness,,,0,0,0.0,0,0,0.0,0,0,0.0,0,0,0,0,0,0,0,0,0,0.0,2022300449,2025-08-10T09:48:01.225309,BoxScoreTraditionalV3,
2022300449,1612709909,Delaware,Blue Coats,DEL,blue-coats,1630288.0,Jeff,Dowtin Jr.,J. Dowtin Jr.,jeff-dowtin-jr,,NWT - Not With Team,,,0,0,0.0,0,0,0.0,0,0,0.0,0,0,0,0,0,0,0,0,0,0.0,2022300449,2025-08-10T09:48:01.225309,BoxScoreTraditionalV3,
2022300449,1612709910,Fort Wayne,Mad Ants,FWN,mad-ants,1631245.0,Quenton,Jackson,Q. Jackson,quenton-jackson,F,,,34:20,5,14,0.357,0,4,0.0,3,3,1.0,0,5,5,4,0,0,2,2,15,5.0,2022300449,2025-08-10T09:48:01.225309,BoxScoreTraditionalV3,
2022300449,1612709910,Fort Wayne,Mad Ants,FWN,mad-ants,1631112.0,Kendall,Brown,K. Brown,kendall-brown,F,,,37:26,9,15,0.6,1,5,0.2,4,5,0.8,0,6,6,1,1,3,1,1,25,15.0,2022300449,2025-08-10T09:48:01.225309,BoxScoreTraditionalV3,
2022300449,1612709910,Fort Wayne,Mad Ants,FWN,mad-ants,1630847.0,Will,Vorhees,W. Vorhees,will-vorhees,C,,,13:12,1,4,0.25,0,2,0.0,0,0,0.0,1,2,3,0,0,1,0,2,2,-5.0,2022300449,2025-08-10T09:48:01.225309,BoxScoreTraditionalV3,
2022300449,1612709910,Fort Wayne,Mad Ants,FWN,mad-ants,1630667.0,Kyle,Mangas,K. Mangas,kyle-mangas,G,,,34:35,8,14,0.571,2,5,0.4,2,2,1.0,1,2,3,3,1,0,0,1,20,24.0,2022300449,2025-08-10T09:48:01.225309,BoxScoreTraditionalV3,
2022300449,1612709910,Fort Wayne,Mad Ants,FWN,mad-ants,203901.0,Elfrid,Payton,E. Payton,elfrid-payton,G,,,40:41,12,14,0.857,1,1,1.0,0,1,0.0,3,12,15,13,1,0,7,2,25,21.0,2022300449,2025-08-10T09:48:01.225309,BoxScoreTraditionalV3,
2022300449,1612709910,Fort Wayne,Mad Ants,FWN,mad-ants,1631131.0,Oscar,Tshiebwe,O. Tshiebwe,oscar-tshiebwe,,,,31:46,5,8,0.625,0,0,0.0,1,2,0.5,3,15,18,3,0,3,2,1,12,13.0,2022300449,2025-08-10T09:48:01.225309,BoxScoreTraditionalV3,
2022300449,1612709910,Fort Wayne,Mad Ants,FWN,mad-ants,1628591.0,Craig,Sword,C. Sword,craig-sword,,,,12:59,3,4,0.75,1,1,1.0,0,0,0.0,1,0,1,1,1,0,0,0,7,-13.0,2022300449,2025-08-10T09:48:01.225309,BoxScoreTraditionalV3,
2022300449,1612709910,Fort Wayne,Mad Ants,FWN,mad-ants,1631209.0,Isaiah,Wong,I. Wong,isaiah-wong,,,,9:54,1,5,0.2,0,2,0.0,0,0,0.0,0,0,0,0,1,0,3,0,2,-12.0,2022300449,2025-08-10T09:48:01.225309,BoxScoreTraditionalV3,
2022300449,1612709910,Fort Wayne,Mad Ants,FWN,mad-ants,1630817.0,Pedro,Bradshaw,P. Bradshaw,pedro-bradshaw,,,,17:30,1,8,0.125,0,1,0.0,0,0,0.0,0,2,2,0,0,0,1,2,2,-21.0,2022300449,2025-08-10T09:48:01.225309,BoxScoreTraditionalV3,
2022300449,1612709910,Fort Wayne,Mad Ants,FWN,mad-ants,1630787.0,Cameron,McGriff,C. McGriff,cameron-mcgriff,,,,7:37,2,5,0.4,1,3,0.333,0,0,0.0,0,1,1,0,0,0,0,0,5,8.0,2022300449,2025-08-10T09:48:01.225309,BoxScoreTraditionalV3,
2022300449,1612709910,Fort Wayne,Mad Ants,FWN,mad-ants,1642057.0,Daniel,Giddens,D. Giddens,daniel-giddens,,DNP - Coach's Decision,,,0,0,0.0,0,0,0.0,0,0,0.0,0,0,0,0,0,0,0,0,0,0.0,2022300449,2025-08-10T09:48:01.225309,BoxScoreTraditionalV3,
2022300449,1612709910,Fort Wayne,Mad Ants,FWN,mad-ants,1627208.0,Stephan,Hicks,S. Hicks,stephan-hicks,,DNP - Coach's Decision,,,0,0,0.0,0,0,0.0,0,0,0.0,0,0,0,0,0,0,0,0,0,0.0,2022300449,2025-08-10T09:48:01.225309,BoxScoreTraditionalV3,
2022300449,1612709910,Fort Wayne,Mad Ants,FWN,mad-ants,1631340.0,Mojave,King,M. King,mojave-king,,DNP - Coach's Decision,,,0,0,0.0,0,0,0.0,0,0,0.0,0,0,0,0,0,0,0,0,0,0.0,2022300449,2025-08-10T09:48:01.225309,BoxScoreTraditionalV3,
2022300449,1612709910,Fort Wayne,Mad Ants,FWN,mad-ants,1641849.0,Darius,McGhee,D. McGhee,darius-mcghee,,DND - Injury/Illness,,,0,0,0.0,0,0,0.0,0,0,0.0,0,0,0,0,0,0,0,0,0,0.0,2022300449,2025-08-10T09:48:01.225309,BoxScoreTraditionalV3,
2022300449,1612709910,Fort Wayne,Mad Ants,FWN,mad-ants,,,,,,,,,160:14,35,61,0.574,4,17,0.235,9,11,0.818,5,27,32,21,3,4,10,8,87,,2022300449,2025-08-10T09:48:01.225309,BoxScoreTraditionalV3,Starters
2022300449,1612709910,Fort Wayne,Mad Ants,FWN,mad-ants,,,,,,,,,160:14,12,30,0.4,2,7,0.286,1,2,0.5,4,18,22,4,2,3,6,3,28,,2022300449,2025-08-10T09:48:01.225309,BoxScoreTraditionalV3,Bench
2022300449,1612709909,Delaware,Blue Coats,DEL,blue-coats,,,,,,,,,172:39,23,57,0.404,8,22,0.364,4,7,0.571,9,28,37,20,5,7,6,12,61,,2022300449,2025-08-10T09:48:01.225309,BoxScoreTraditionalV3,Starters
2022300449,1612709909,Delaware,Blue Coats,DEL,blue-coats,,,,,,,,,172:39,19,40,0.475,7,21,0.333,1,1,1.0,3,2,5,9,5,4,4,6,47,,2022300449,2025-08-10T09:48:01.225309,BoxScoreTraditionalV3,Bench
2022300449,1612709910,Fort Wayne,Mad Ants,FWN,mad-ants,,,,,,,,,240:00,47,91,0.516,6,24,0.25,10,13,0.769,9,45,54,25,5,7,16,11,115,7.0,2022300449,2025-08-10T09:48:01.225309,BoxScoreTraditionalV3,
2022300449,1612709909,Delaware,Blue Coats,DEL,blue-coats,,,,,,,,,240:00,42,97,0.433,15,43,0.349,5,8,0.625,12,30,42,29,10,11,10,18,108,-7.0,2022300449,2025-08-10T09:48:01.225309,BoxScoreTraditionalV3,
2022200075,1612709890,Austin,Spurs,AUS,spurs,1630602.0,Chaundee,Brown Jr.,C. Brown Jr.,chaundee-brown-jr,F,,,35:02,11,20,0.55,2,3,0.667,4,4,1.0,5,5,10,2,0,0,1,2,29,2.0,2022200075,2025-08-10T09:48:01.985947,BoxScoreTraditionalV3,
2022200075,1612709890,Austin,Spurs,AUS,spurs,1631160.0,Jordan,Hall,J. Hall,jordan-hall,F,,,31:05,2,11,0.182,2,3,0.667,0,0,0.0,0,3,3,5,0,1,2,2,6,-6.0,2022200075,2025-08-10T09:48:01.985947,BoxScoreTraditionalV3,
2022200075,1612709890,Austin,Spurs,AUS,spurs,1631230.0,Dominick,Barlow,D. Barlow,dominick-barlow,C,,,27:04,8,14,0.571,0,0,0.0,0,0,0.0,2,6,8,2,0,6,1,4,16,-1.0,2022200075,2025-08-10T09:48:01.985947,BoxScoreTraditionalV3,
2022200075,1612709890,Austin,Spurs,AUS,spurs,1630778.0,Denzel,Mahoney,D. Mahoney,denzel-mahoney,G,,,36:25,5,10,0.5,3,7,0.429,2,2,1.0,0,2,2,4,1,0,0,5,15,18.0,2022200075,2025-08-10T09:48:01.985947,BoxScoreTraditionalV3,
2022200075,1612709890,Austin,Spurs,AUS,spurs,1630681.0,Marcus,Zegarowski,M. Zegarowski,marcus-zegarowski,G,,,28:24,5,9,0.556,2,4,0.5,0,0,0.0,0,2,2,2,3,0,2,3,12,-17.0,2022200075,2025-08-10T09:48:01.985947,BoxScoreTraditionalV3,
2022200075,1612709890,Austin,Spurs,AUS,spurs,1631339.0,Tommy,Kuhse,T. Kuhse,tommy-kuhse,,,,19:08,3,8,0.375,1,2,0.5,0,0,0.0,0,6,6,6,0,0,2,0,7,22.0,2022200075,2025-08-10T09:48:01.985947,BoxScoreTraditionalV3,
2022200075,1612709890,Austin,Spurs,AUS,spurs,1641505.0,Justin,Kier,J. Kier,justin-kier,,,,28:28,5,7,0.714,0,1,0.0,2,2,1.0,0,1,1,6,2,0,3,4,13,9.0,2022200075,2025-08-10T09:48:01.985947,BoxScoreTraditionalV3,
2022200075,1612709890,Austin,Spurs,AUS,spurs,1629818.0,Jordan,Murphy,J. Murphy,jordan-murphy,,,,22:56,4,6,0.667,0,0,0.0,1,3,0.333,1,9,10,2,2,1,2,1,10,2.0,2022200075,2025-08-10T09:48:01.985947,BoxScoreTraditionalV3,
2022200075,1612709890,Austin,Spurs,AUS,spurs,1631479.0,Adrian,Delph,A. Delph,adrian-delph,,,,11:28,2,4,0.5,2,4,0.5,0,0,0.0,0,3,3,0,0,0,1,1,6,6.0,2022200075,2025-08-10T09:48:01.985947,BoxScoreTraditionalV3,
2022200075,1612709890,Austin,Spurs,AUS,spurs,1631286.0,Jalen,Adaway,J. Adaway,jalen-adaway,,DNP - Coach's Decision,,,0,0,0.0,0,0,0.0,0,0,0.0,0,0,0,0,0,0,0,0,0,0.0,2022200075,2025-08-10T09:48:01.985947,BoxScoreTraditionalV3,
2022200075,1612709890,Austin,Spurs,AUS,spurs,1628993.0,Alize,Johnson,A. Johnson,alize-johnson,,DNP - Coach's Decision,,,0,0,0.0,0,0,0.0,0,0,0.0,0,0,0,0,0,0,0,0,0,0.0,2022200075,2025-08-10T09:48:01.985947,BoxScoreTraditionalV3,
2022200075,1612709929,College Park,Skyhawks,CPS,skyhawks,1631389.0,Davion,Warren,D. Warren,davion-warren,F,,,23:23,5,11,0.455,0,3,0.0,4,5,0.8,1,2,3,0,0,0,1,3,17,-7.0,2022200075,2025-08-10T09:48:01.985947,BoxScoreTraditionalV3,
2022200075,1612709929,College Park,Skyhawks,CPS,skyhawks,1630707.0,Malik,Ellison,M. Ellison,malik-ellison,F,,,30:33,5,6,0.833,0,1,0.0,1,2,0.5,4,3,7,1,0,1,0,1,11,3.0,2022200075,2025-08-10T09:48:01.985947,BoxScoreTraditionalV3,
2022200075,1612709929,College Park,Skyhawks,CPS,skyhawks,1629735.0,Chris,Silva,C. Silva,chris-silva,C,,,22:18,1,2,0.5,0,0,0.0,2,3,0.667,0,2,2,0,0,1,3,0,6,-9.0,2022200075,2025-08-10T09:48:01.985947,BoxScoreTraditionalV3,
2022200075,1612709929,College Park,Skyhawks,CPS,skyhawks,204038.0,Langston,Galloway,L. Galloway,langston-galloway,G,,,29:40,5,14,0.357,2,5,0.4,2,2,1.0,2,0,2,4,5,0,1,2,16,-21.0,2022200075,2025-08-10T09:48:01.985947,BoxScoreTraditionalV3,
2022200075,1612709929,College Park,Skyhawks,CPS,skyhawks,1627760.0,Cat,Barber,C. Barber,cat-barber,G,,,28:38,2,9,0.222,0,1,0.0,1,1,1.0,1,4,5,2,0,0,3,3,6,-12.0,2022200075,2025-08-10T09:48:01.985947,BoxScoreTraditionalV3,
2022200075,1612709929,College Park,Skyhawks,CPS,skyhawks,1629633.0,Jarrett,Culver,J. Culver,jarrett-culver,,,,30:31,7,13,0.538,0,1,0.0,2,2,1.0,2,8,10,2,3,1,4,2,18,7.0,2022200075,2025-08-10T09:48:01.985947,BoxScoreTraditionalV3,
2022200075,1612709929,College Park,Skyhawks,CPS,skyhawks,1629717.0,Armoni,Brooks,A. Brooks,armoni-brooks,,,,30:31,6,17,0.353,4,14,0.286,2,2,1.0,1,5,6,5,3,1,0,1,18,2.0,2022200075,2025-08-10T09:48:01.985947,BoxScoreTraditionalV3,
2022200075,1612709929,College Park,Skyhawks,CPS,skyhawks,1630793.0,Giorgi,Bezhanishvili,G. Bezhanishvili,giorgi-bezhanishvili,,,,23:25,3,7,0.429,0,1,0.0,0,0,0.0,1,5,6,3,0,1,0,1,6,-3.0,2022200075,2025-08-10T09:48:01.985947,BoxScoreTraditionalV3,
2022200075,1612709929,College Park,Skyhawks,CPS,skyhawks,1630623.0,Tyson,Etienne,T. Etienne,tyson-etienne,,,,21:01,3,9,0.333,1,3,0.333,1,1,1.0,0,4,4,2,0,0,2,4,9,5.0,2022200075,2025-08-10T09:48:01.985947,BoxScoreTraditionalV3,
2022200075,1612709929,College Park,Skyhawks,CPS,skyhawks,,,,,,,,,134:32,18,42,0.429,2,10,0.2,10,13,0.769,8,11,19,7,5,2,8,9,56,,2022200075,2025-08-10T09:48:01.985947,BoxScoreTraditionalV3,Starters
2022200075,1612709929,College Park,Skyhawks,CPS,skyhawks,,,,,,,,,134:32,19,46,0.413,5,19,0.263,5,5,1.0,4,22,26,12,6,3,6,8,51,,2022200075,2025-08-10T09:48:01.985947,BoxScoreTraditionalV3,Bench
2022200075,1612709890,Austin,Spurs,AUS,spurs,,,,,,,,,158:00,31,64,0.484,9,17,0.529,6,6,1.0,7,18,25,15,4,7,6,16,78,,2022200075,2025-08-10T09:48:01.985947,BoxScoreTraditionalV3,Starters
2022200075,1612709890,Austin,Spurs,AUS,spurs,,,,,,,,,158:00,14,25,0.56,3,7,0.429,3,5,0.6,1,19,20,14,4,1,8,6,36,,2022200075,2025-08-10T09:48:01.985947,BoxScoreTraditionalV3,Bench
2022200075,1612709929,College Park,Skyhawks,CPS,skyhawks,,,,,,,,,240:00,37,88,0.42,7,29,0.241,15,18,0.833,12,33,45,19,11,5,14,17,107,-7.0,2022200075,2025-08-10T09:48:01.985947,BoxScoreTraditionalV3,
2022200075,1612709890,Austin,Spurs,AUS,spurs,,,,,,,,,240:00,45,89,0.506,12,24,0.5,9,11,0.818,8,37,45,29,8,8,14,22,114,7.0,2022200075,2025-08-10T09:48:01.985947,BoxScoreTraditionalV3,
1022001035,1611661313,New York,Liberty,NYL,liberty,1630127.0,Leaonna,Odom,L. Odom,leaonna-odom,F,,,27:20,3,6,0.5,1,2,0.5,2,2,1.0,3,1,4,1,0,0,0,4,9,8.0,1022001035,2025-08-10T09:48:18.600351,BoxScoreTraditionalV3,
1022001035,1611661313,New York,Liberty,NYL,liberty,204329.0,Kiah,Stokes,K. Stokes,kiah-stokes,F,,,32:46,1,4,0.25,1,3,0.333,0,0,0.0,1,3,4,1,0,0,4,3,3,11.0,1022001035,2025-08-10T09:48:18.600351,BoxScoreTraditionalV3,
1022001035,1611661313,New York,Liberty,NYL,liberty,204320.0,Amanda,Zahui B,A. Zahui B,amanda-zahui-b,C,,,33:59,5,10,0.5,4,9,0.444,0,2,0.0,0,14,14,3,0,2,1,3,14,0.0,1022001035,2025-08-10T09:48:18.600351,BoxScoreTraditionalV3,
1022001035,1611661313,New York,Liberty,NYL,liberty,1628915.0,Kia,Nurse,K. Nurse,kia-nurse,G,,,28:45,4,11,0.364,2,7,0.286,7,8,0.875,1,1,2,2,1,0,3,3,17,5.0,1022001035,2025-08-10T09:48:18.600351,BoxScoreTraditionalV3,
1022001035,1611661313,New York,Liberty,NYL,liberty,203406.0,Layshia,Clarendon,L. Clarendon,layshia-clarendon,G,,,31:51,5,7,0.714,4,5,0.8,0,0,0.0,0,4,4,6,2,0,7,5,14,13.0,1022001035,2025-08-10T09:48:18.600351,BoxScoreTraditionalV3,
1022001035,1611661313,New York,Liberty,NYL,liberty,1630119.0,Jazmine,Jones,J. Jones,jazmine-jones,,,,10:08,1,4,0.25,0,1,0.0,1,1,1.0,0,4,4,1,0,0,2,2,3,-1.0,1022001035,2025-08-10T09:48:18.600351,BoxScoreTraditionalV3,
1022001035,1611661313,New York,Liberty,NYL,liberty,1630131.0,Kylee,Shook,K. Shook,kylee-shook,,,,9:03,0,3,0.0,0,1,0.0,0,0,0.0,0,0,0,0,0,0,0,0,0,1.0,1022001035,2025-08-10T09:48:18.600351,BoxScoreTraditionalV3,
1022001035,1611661313,New York,Liberty,NYL,liberty,1630139.0,Jocelyn,Willoughby,J. Willoughby,jocelyn-willoughby,,,,14:27,1,4,0.25,0,1,0.0,7,9,0.778,0,1,1,0,0,0,1,3,9,-4.0,1022001035,2025-08-10T09:48:18.600351,BoxScoreTraditionalV3,
1022001035,1611661313,New York,Liberty,NYL,liberty,1630115.0,Joyner,Holmes,J. Holmes,joyner-holmes,,,,4:12,1,4,0.25,0,2,0.0,1,2,0.5,1,1,2,1,0,0,0,0,3,4.0,1022001035,2025-08-10T09:48:18.600351,BoxScoreTraditionalV3,
1022001035,1611661313,New York,Liberty,NYL,liberty,1630136.0,Megan,Walker,M. Walker,megan-walker,,,,7:29,1,3,0.333,0,1,0.0,0,0,0.0,0,3,3,1,1,0,0,1,2,3.0,1022001035,2025-08-10T09:48:18.600351,BoxScoreTraditionalV3,
1022001035,1611661313,New York,Liberty,NYL,liberty,1629476.0,Asia (AD),Durr,A. Durr,asia-(ad)-durr,,NWT_NOT_WITH_TEAM,,,0,0,0.0,0,0,0.0,0,0,0.0,0,0,0,0,0,0,0,0,0,0.0,1022001035,2025-08-10T09:48:18.600351,BoxScoreTraditionalV3,
1022001035,1611661313,New York,Liberty,NYL,liberty,1629477.0,Sabrina,Ionescu,S. Ionescu,sabrina-ionescu,,NWT_NOT_WITH_TEAM,,,0,0,0.0,0,0,0.0,0,0,0.0,0,0,0,0,0,0,0,0,0,0.0,1022001035,2025-08-10T09:48:18.600351,BoxScoreTraditionalV3,
1022001035,1611661322,Washington,Mystics,WAS,mystics,1627672.0,Aerial,Powers,A. Powers,aerial-powers,F,,,30:18,5,12,0.417,1,2,0.5,9,9,1.0,0,1,1,1,4,0,2,2,20,-2.0,1022001035,2025-08-10T09:48:18.600351,BoxScoreTraditionalV3,
1022001035,1611661322,Washington,Mystics,WAS,mystics,203416.0,Emma,Meesseman,E. Meesseman,emma-meesseman,F,,,32:12,6,10,0.6,2,3,0.667,3,4,0.75,0,2,2,2,0,0,2,1,17,-1.0,1022001035,2025-08-10T09:48:18.600351,BoxScoreTraditionalV3,
1022001035,1611661322,Washington,Mystics,WAS,mystics,1628899.0,Myisha,Hines-Allen,M. Hines-Allen,myisha-hines-allen,C,,,26:22,5,13,0.385,0,3,0.0,2,3,0.667,0,8,8,1,1,0,1,5,12,-11.0,1022001035,2025-08-10T09:48:18.600351,BoxScoreTraditionalV3,
1022001035,1611661322,Washington,Mystics,WAS,mystics,1628878.0,Ariel,Atkins,A. Atkins,ariel-atkins,G,,,23:44,4,12,0.333,1,3,0.333,0,2,0.0,0,1,1,1,1,0,1,4,9,-7.0,1022001035,2025-08-10T09:48:18.600351,BoxScoreTraditionalV3,
1022001035,1611661322,Washington,Mystics,WAS,mystics,201507.0,Leilani,Mitchell,L. Mitchell,leilani-mitchell,G,,,29:20,0,5,0.0,0,1,0.0,2,2,1.0,0,2,2,5,1,1,2,4,2,0.0,1022001035,2025-08-10T09:48:18.600351,BoxScoreTraditionalV3,
1022001035,1611661322,Washington,Mystics,WAS,mystics,203403.0,Tianna,Hawkins,T. Hawkins,tianna-hawkins,,,,17:13,0,4,0.0,0,3,0.0,0,0,0.0,0,5,5,1,0,1,2,2,0,-2.0,1022001035,2025-08-10T09:48:18.600351,BoxScoreTraditionalV3,
1022001035,1611661322,Washington,Mystics,WAS,mystics,201502.0,Essence,Carson,E. Carson,essence-carson,,,,7:48,0,0,0.0,0,0,0.0,0,0,0.0,0,2,2,0,1,0,1,0,0,-2.0,1022001035,2025-08-10T09:48:18.600351,BoxScoreTraditionalV3,
1022001035,1611661322,Washington,Mystics,WAS,mystics,1628268.0,Alaina,Coates,A. Coates,alaina-coates,,,,4:13,0,0,0.0,0,0,0.0,0,0,0.0,0,1,1,0,0,0,0,1,0,-2.0,1022001035,2025-08-10T09:48:18.600351,BoxScoreTraditionalV3,
1022001035,1611661322,Washington,Mystics,WAS,mystics,1629506.0,Kiara,Leslie,K. Leslie,kiara-leslie,,,,18:11,3,4,0.75,0,0,0.0,0,0,0.0,1,3,4,0,1,0,1,0,6,-5.0,1022001035,2025-08-10T09:48:18.600351,BoxScoreTraditionalV3,
1022001035,1611661322,Washington,Mystics,WAS,mystics,203035.0,Shey,Peddy,S. Peddy,shey-peddy,,,,10:40,0,1,0.0,0,1,0.0,0,0,0.0,0,0,0,1,0,0,2,2,0,-8.0,1022001035,2025-08-10T09:48:18.600351,BoxScoreTraditionalV3,
1022001035,1611661322,Washington,Mystics,WAS,mystics,202250.0,Tina,Charles,T. Charles,tina-charles,,NWT_NOT_WITH_TEAM,,,0,0,0.0,0,0,0.0,0,0,0.0,0,0,0,0,0,0,0,0,0,0.0,1022001035,2025-08-10T09:48:18.600351,BoxScoreTraditionalV3,
1022001035,1611661322,Washington,Mystics,WAS,mystics,203399.0,Elena,Delle Donne,E. Delle Donne,elena-delle-donne,,NWT_NOT_WITH_TEAM,,,0,0,0.0,0,0,0.0,0,0,0.0,0,0,0,0,0,0,0,0,0,0.0,1022001035,2025-08-10T09:48:18.600351,BoxScoreTraditionalV3,
1022001035,1611661322,Washington,Mystics,WAS,mystics,,,,,,,,,141:56,20,52,0.385,4,12,0.333,16,20,0.8,0,14,14,10,7,1,8,16,60,,1022001035,2025-08-10T09:48:18.600351,BoxScoreTraditionalV3,Starters
1022001035,1611661322,Washington,Mystics,WAS,mystics,,,,,,,,,141:56,3,9,0.333,0,4,0.0,0,0,0.0,1,11,12,2,2,1,6,5,6,,1022001035,2025-08-10T09:48:18.600351,BoxScoreTraditionalV3,Bench
1022001035,1611661313,New York,Liberty,NYL,liberty,,,,,,,,,154:41,18,38,0.474,12,26,0.462,9,12,0.75,5,23,28,13,3,2,15,18,57,,1022001035,2025-08-10T09:48:18.600351,BoxScoreTraditionalV3,Starters
1022001035,1611661313,New York,Liberty,NYL,liberty,,,,,,,,,154:41,4,18,0.222,0,6,0.0,9,12,0.75,1,9,10,3,1,0,3,6,17,,1022001035,2025-08-10T09:48:18.600351,BoxScoreTraditionalV3,Bench
1022001035,1611661322,Washington,Mystics,WAS,mystics,,,,,,,,,200:00,23,61,0.377,4,16,0.25,16,20,0.8,1,25,26,12,9,2,14,21,66,-8.0,1022001035,2025-08-10T09:48:18.600351,BoxScoreTraditionalV3,
1022001035,1611661313,New York,Liberty,NYL,liberty,,,,,,,,,200:00,22,56,0.393,12,32,0.375,18,24,0.75,6,32,38,16,4,2,18,24,74,8.0,1022001035,2025-08-10T09:48:18.600351,BoxScoreTraditionalV3,
2022100396,1612709909,Delaware,Blue Coats,DEL,blue-coats,1627885.0,Shaquille,Harrison,S. Harrison,shaquille-harrison,F,,,26:50,4,12,0.333,2,6,0.333,1,1,1.0,2,4,6,4,3,1,1,3,12,3.0,2022100396,2025-08-10T09:48:19.437404,BoxScoreTraditionalV3,
2022100396,1612709909,Delaware,Blue Coats,DEL,blue-coats,1627775.0,Patrick,McCaw,P. McCaw,patrick-mccaw,F,,,27:24,2,7,0.286,1,4,0.25,0,0,0.0,1,3,4,2,1,0,0,1,5,6.0,2022100396,2025-08-10T09:48:19.437404,BoxScoreTraditionalV3,
2022100396,1612709909,Delaware,Blue Coats,DEL,blue-coats,1629646.0,Charles,Bassey,C. Bassey,charles-bassey,C,,,23:35,9,12,0.75,1,1,1.0,1,1,1.0,3,4,7,0,1,0,1,3,21,10.0,2022100396,2025-08-10T09:48:19.437404,BoxScoreTraditionalV3,
2022100396,1612709909,Delaware,Blue Coats,DEL,blue-coats,1630531.0,Jaden,Springer,J. Springer,jaden-springer,G,,,32:37,11,20,0.55,4,5,0.8,2,4,0.5,5,4,9,6,5,0,0,3,30,3.0,2022100396,2025-08-10T09:48:19.437404,BoxScoreTraditionalV3,
2022100396,1612709909,Delaware,Blue Coats,DEL,blue-coats,1629619.0,Myles,Powell,M. Powell,myles-powell,G,,,28:18,3,16,0.188,0,7,0.0,0,0,0.0,1,2,3,4,3,0,2,2,6,2.0,2022100396,2025-08-10T09:48:19.437404,BoxScoreTraditionalV3,
2022100396,1612709909,Delaware,Blue Coats,DEL,blue-coats,1629044.0,Shamorie,Ponds,S. Ponds,shamorie-ponds,,,,23:36,9,15,0.6,2,6,0.333,2,2,1.0,4,2,6,4,3,3,2,2,23,12.0,2022100396,2025-08-10T09:48:19.437404,BoxScoreTraditionalV3,
2022100396,1612709909,Delaware,Blue Coats,DEL,blue-coats,1630565.0,Aaron,Henry,A. Henry,aaron-henry,,,,29:29,5,12,0.417,2,7,0.286,0,0,0.0,2,3,5,7,0,0,0,3,12,15.0,2022100396,2025-08-10T09:48:19.437404,BoxScoreTraditionalV3,
2022100396,1612709909,Delaware,Blue Coats,DEL,blue-coats,1630296.0,Braxton,Key,B. Key,braxton-key,,,,24:25,3,9,0.333,0,2,0.0,3,4,0.75,1,6,7,2,0,4,1,3,12,2.0,2022100396,2025-08-10T09:48:19.437404,BoxScoreTraditionalV3,
2022100396,1612709909,Delaware,Blue Coats,DEL,blue-coats,1628113.0,Demarcus,Holland,D. Holland,demarcus-holland,,,,13:06,1,2,0.5,1,2,0.5,0,0,0.0,0,2,2,0,0,0,0,1,3,6.0,2022100396,2025-08-10T09:48:19.437404,BoxScoreTraditionalV3,
2022100396,1612709909,Delaware,Blue Coats,DEL,blue-coats,1628876.0,Jared,Brownridge,J. Brownridge,jared-brownridge,,,,10:40,2,4,0.5,2,4,0.5,0,0,0.0,0,0,0,1,0,0,0,0,6,1.0,2022100396,2025-08-10T09:48:19.437404,BoxScoreTraditionalV3,
2022100396,1612709909,Delaware,Blue Coats,DEL,blue-coats,1630768.0,Barra,Njie,B. Njie,barra-njie,,DNP - Coach's Decision,,,0,0,0.0,0,0,0.0,0,0,0.0,0,0,0,0,0,0,0,0,0,0.0,2022100396,2025-08-10T09:48:19.437404,BoxScoreTraditionalV3,
2022100396,1612709893,Cleveland,Charge,CLC,charge,1629713.0,Justin,James,J. James,justin-james,F,,,36:30,5,16,0.313,3,8,0.375,2,2,1.0,1,6,7,5,1,0,4,1,17,-8.0,2022100396,2025-08-10T09:48:19.437404,BoxScoreTraditionalV3,
2022100396,1612709893,Cleveland,Charge,CLC,charge,1628411.0,Wes,Iwundu,W. Iwundu,wes-iwundu,F,,,28:03,4,7,0.571,0,1,0.0,1,1,1.0,1,7,8,2,1,1,3,0,9,-9.0,2022100396,2025-08-10T09:48:19.437404,BoxScoreTraditionalV3,
2022100396,1612709893,Cleveland,Charge,CLC,charge,1629605.0,Tacko,Fall,T. Fall,tacko-fall,C,,,23:49,9,12,0.75,0,0,0.0,3,3,1.0,6,6,12,1,0,4,2,4,23,-11.0,2022100396,2025-08-10T09:48:19.437404,BoxScoreTraditionalV3,
2022100396,1612709893,Cleveland,Charge,CLC,charge,1629005.0,Malik,Newman,M. Newman,malik-newman,G,,,35:53,8,14,0.571,4,5,0.8,2,3,0.667,0,3,3,5,0,0,5,2,23,-3.0,2022100396,2025-08-10T09:48:19.437404,BoxScoreTraditionalV3,
2022100396,1612709893,Cleveland,Charge,CLC,charge,1630753.0,Cameron,Young,C. Young,cameron-young,G,,,38:24,8,21,0.381,3,11,0.273,2,2,1.0,3,7,10,4,2,0,4,1,23,-4.0,2022100396,2025-08-10T09:48:19.437404,BoxScoreTraditionalV3,
2022100396,1612709893,Cleveland,Charge,CLC,charge,203962.0,Josh,Huestis,J. Huestis,josh-huestis,,,,22:59,3,5,0.6,2,4,0.5,4,4,1.0,2,3,5,1,0,1,1,0,13,-1.0,2022100396,2025-08-10T09:48:19.437404,BoxScoreTraditionalV3,
2022100396,1612709893,Cleveland,Charge,CLC,charge,1628393.0,Jawun,Evans,J. Evans,jawun-evans,,,,21:03,3,8,0.375,2,4,0.5,0,0,0.0,0,5,5,2,0,0,2,3,8,-23.0,2022100396,2025-08-10T09:48:19.437404,BoxScoreTraditionalV3,
2022100396,1612709893,Cleveland,Charge,CLC,charge,1630642.0,Mitch,Ballock,M. Ballock,mitch-ballock,,,,21:10,1,3,0.333,0,2,0.0,0,0,0.0,0,2,2,1,0,1,0,1,2,-1.0,2022100396,2025-08-10T09:48:19.437404,BoxScoreTraditionalV3,
2022100396,1612709893,Cleveland,Charge,CLC,charge,1630354.0,Trey,Landers,T. Landers,trey-landers,,,,12:10,0,0,0.0,0,0,0.0,0,0,0.0,2,3,5,1,0,2,2,3,0,0.0,2022100396,2025-08-10T09:48:19.437404,BoxScoreTraditionalV3,
2022100396,1612709893,Cleveland,Charge,CLC,charge,,,,,,,,,162:39,34,70,0.486,10,25,0.4,10,11,0.909,11,29,40,17,4,5,18,8,95,,2022100396,2025-08-10T09:48:19.437404,BoxScoreTraditionalV3,Starters
2022100396,1612709893,Cleveland,Charge,CLC,charge,,,,,,,,,162:39,7,16,0.438,4,10,0.4,4,4,1.0,4,13,17,5,0,4,5,7,23,,2022100396,2025-08-10T09:48:19.437404,BoxScoreTraditionalV3,Bench
2022100396,1612709909,Delaware,Blue Coats,DEL,blue-coats,,,,,,,,,138:44,29,67,0.433,8,23,0.348,4,6,0.667,12,17,29,16,13,1,4,12,74,,2022100396,2025-08-10T09:48:19.437404,BoxScoreTraditionalV3,Starters
2022100396,1612709909,Delaware,Blue Coats,DEL,blue-coats,,,,,,,,,138:44,20,42,0.476,7,21,0.333,5,6,0.833,7,13,20,14,3,7,3,9,56,,2022100396,2025-08-10T09:48:19.437404,BoxScoreTraditionalV3,Bench
2022100396,1612709893,Cleveland,Charge,CLC,charge,,,,,,,,,240:00,41,86,0.477,14,35,0.4,14,15,0.933,15,42,57,22,4,9,23,15,118,-12.0,2022100396,2025-08-10T09:48:19.437404,BoxScoreTraditionalV3,
2022100396,1612709909,Delaware,Blue Coats,DEL,blue-coats,,,,,,,,,240:00,49,109,0.45,15,44,0.341,9,12,0.75,19,30,49,30,16,8,7,21,130,12.0,2022100396,2025-08-10T09:48:19.437404,BoxScoreTraditionalV3,
2022200296,1612709920,Raptors,905,RAP,905,1630525.0,David,Johnson,D. Johnson,david-johnson,F,,,30:01,6,13,0.462,2,6,0.333,0,0,0.0,2,1,3,3,2,1,2,1,14,-13.0,2022200296,2025-08-10T09:48:20.165340,BoxScoreTraditionalV3,
2022200296,1612709920,Raptors,905,RAP,905,1631199.0,Ron,Harper Jr.,R. Harper Jr.,ron-harper-jr,F,,,33:03,7,12,0.583,5,9,0.556,0,0,0.0,0,6,6,5,3,3,2,2,19,7.0,2022200296,2025-08-10T09:48:20.165340,BoxScoreTraditionalV3,
2022200296,1612709920,Raptors,905,RAP,905,1630777.0,Jeremiah,Tilmon,J. Tilmon,jeremiah-tilmon,C,,,25:32,6,7,0.857,0,0,0.0,3,4,0.75,3,3,6,1,0,0,3,5,17,7.0,2022200296,2025-08-10T09:48:20.165340,BoxScoreTraditionalV3,
2022200296,1612709920,Raptors,905,RAP,905,1628425.0,Sterling,Brown,S. Brown,sterling-brown,G,,,33:28,4,13,0.308,1,6,0.167,0,1,0.0,2,8,10,3,0,2,2,1,9,-11.0,2022200296,2025-08-10T09:48:20.165340,BoxScoreTraditionalV3,
2022200296,1612709920,Raptors,905,RAP,905,1630625.0,Dalano,Banton,D. Banton,dalano-banton,G,,,32:45,6,15,0.4,2,7,0.286,1,1,1.0,0,5,5,10,2,1,3,0,16,6.0,2022200296,2025-08-10T09:48:20.165340,BoxScoreTraditionalV3,
2022200296,1612709920,Raptors,905,RAP,905,1629200.0,Aaron,Epps,A. Epps,aaron-epps,,,,17:28,3,7,0.429,0,0,0.0,0,1,0.0,2,4,6,1,0,2,0,1,6,-7.0,2022200296,2025-08-10T09:48:20.165340,BoxScoreTraditionalV3,
2022200296,1612709920,Raptors,905,RAP,905,1631122.0,Gabe,Brown,G. Brown,gabe-brown,,,,15:57,2,7,0.286,1,5,0.2,0,0,0.0,1,0,1,1,1,0,1,2,5,-9.0,2022200296,2025-08-10T09:48:20.165340,BoxScoreTraditionalV3,
2022200296,1612709920,Raptors,905,RAP,905,1628753.0,Tra-Deon,Hollins,T. Hollins,tra-deon-hollins,,,,12:54,2,5,0.4,0,2,0.0,0,1,0.0,0,2,2,2,0,0,1,1,4,-7.0,2022200296,2025-08-10T09:48:20.165340,BoxScoreTraditionalV3,
2022200296,1612709920,Raptors,905,RAP,905,1641501.0,Ryan,Hawkins,R. Hawkins,ryan-hawkins,,,,14:58,1,3,0.333,0,2,0.0,0,0,0.0,0,1,1,0,1,0,1,1,2,5.0,2022200296,2025-08-10T09:48:20.165340,BoxScoreTraditionalV3,
2022200296,1612709920,Raptors,905,RAP,905,1631458.0,Darryl,Morsell,D. Morsell,darryl-morsell,,,,22:14,7,12,0.583,2,4,0.5,2,2,1.0,1,3,4,1,1,3,1,1,18,6.0,2022200296,2025-08-10T09:48:20.165340,BoxScoreTraditionalV3,
2022200296,1612709920,Raptors,905,RAP,905,1630283.0,Kylor,Kelley,K. Kelley,kylor-kelley,,,,1:41,0,0,0.0,0,0,0.0,0,0,0.0,0,0,0,0,0,0,0,3,0,-4.0,2022200296,2025-08-10T09:48:20.165340,BoxScoreTraditionalV3,
2022200296,1612709920,Raptors,905,RAP,905,1630288.0,Jeff,Dowtin Jr.,J. Dowtin Jr.,jeff-dowtin-jr,,DNP - Coach's Decision,,,0,0,0.0,0,0,0.0,0,0,0.0,0,0,0,0,0,0,0,0,0,0.0,2022200296,2025-08-10T09:48:20.165340,BoxScoreTraditionalV3,
2022200296,1612709920,Raptors,905,RAP,905,1631388.0,Keith,Williams,K. Williams,keith-williams,,DNP - Coach's Decision,,,0,0,0.0,0,0,0.0,0,0,0.0,0,0,0,0,0,0,0,0,0,0.0,2022200296,2025-08-10T09:48:20.165340,BoxScoreTraditionalV3,
2022200296,1612709923,Windy City,Bulls,WCB,bulls,1631290.0,Aaron,Wheeler,A. Wheeler,aaron-wheeler,F,,,32:30,5,11,0.455,0,3,0.0,1,1,1.0,3,7,10,0,0,2,0,2,11,4.0,2022200296,2025-08-10T09:48:20.165340,BoxScoreTraditionalV3,
2022200296,1612709923,Windy City,Bulls,WCB,bulls,1630929.0,Henri,Drell,H. Drell,henri-drell,F,,,34:24,7,12,0.583,2,6,0.333,1,1,1.0,1,5,6,3,4,0,3,3,18,5.0,2022200296,2025-08-10T09:48:20.165340,BoxScoreTraditionalV3,
2022200296,1612709923,Windy City,Bulls,WCB,bulls,1630187.0,Daniel,Oturu,D. Oturu,daniel-oturu,C,,,26:57,9,13,0.692,0,1,0.0,1,3,0.333,3,6,9,1,0,0,2,1,19,7.0,2022200296,2025-08-10T09:48:20.165340,BoxScoreTraditionalV3,
2022200296,1612709923,Windy City,Bulls,WCB,bulls,202951.0,Jeremy,Pargo,J. Pargo,jeremy-pargo,G,,,30:26,5,12,0.417,2,6,0.333,1,1,1.0,0,4,4,3,1,0,2,2,14,2.0,2022200296,2025-08-10T09:48:20.165340,BoxScoreTraditionalV3,
2022200296,1612709923,Windy City,Bulls,WCB,bulls,1630637.0,Carlik,Jones,C. Jones,carlik-jones,G,,,40:45,10,25,0.4,1,6,0.167,5,8,0.625,3,6,9,12,1,0,4,0,28,-8.0,2022200296,2025-08-10T09:48:20.165340,BoxScoreTraditionalV3,
2022200296,1612709923,Windy City,Bulls,WCB,bulls,1626272.0,Lazeric,Jones,L. Jones,lazeric-jones,,,,21:44,1,5,0.2,1,4,0.25,1,1,1.0,1,4,5,6,1,0,2,1,5,11.0,2022200296,2025-08-10T09:48:20.165340,BoxScoreTraditionalV3,
2022200296,1612709923,Windy City,Bulls,WCB,bulls,1631408.0,Ben,Coupet Jr.,B. Coupet Jr.,ben-coupet-jr,,,,25:13,4,8,0.5,2,4,0.5,0,0,0.0,1,2,3,1,1,0,2,3,10,0.0,2022200296,2025-08-10T09:48:20.165340,BoxScoreTraditionalV3,
2022200296,1612709923,Windy City,Bulls,WCB,bulls,1630250.0,Marko,Simonovic,M. Simonovic,marko-simonovic,,,,18:33,4,7,0.571,1,4,0.25,0,0,0.0,0,5,5,2,0,0,1,3,9,-2.0,2022200296,2025-08-10T09:48:20.165340,BoxScoreTraditionalV3,
2022200296,1612709923,Windy City,Bulls,WCB,bulls,1629666.0,Charles,Matthews,C. Matthews,charles-matthews,,,,9:28,0,3,0.0,0,2,0.0,0,0,0.0,1,2,3,0,0,0,1,0,0,1.0,2022200296,2025-08-10T09:48:20.165340,BoxScoreTraditionalV3,
2022200296,1612709923,Windy City,Bulls,WCB,bulls,1631448.0,Maurice,Calloo,M. Calloo,maurice-calloo,,DNP - Coach's Decision,,,0,0,0.0,0,0,0.0,0,0,0.0,0,0,0,0,0,0,0,0,0,0.0,2022200296,2025-08-10T09:48:20.165340,BoxScoreTraditionalV3,
2022200296,1612709923,Windy City,Bulls,WCB,bulls,,,,,,,,,165:02,36,73,0.493,5,22,0.227,9,14,0.643,10,28,38,19,6,2,11,8,90,,2022200296,2025-08-10T09:48:20.165340,BoxScoreTraditionalV3,Starters
2022200296,1612709923,Windy City,Bulls,WCB,bulls,,,,,,,,,165:02,9,23,0.391,4,14,0.286,1,1,1.0,3,13,16,9,2,0,6,7,24,,2022200296,2025-08-10T09:48:20.165340,BoxScoreTraditionalV3,Bench
2022200296,1612709920,Raptors,905,RAP,905,,,,,,,,,154:49,29,60,0.483,10,28,0.357,4,6,0.667,7,23,30,22,7,7,12,9,75,,2022200296,2025-08-10T09:48:20.165340,BoxScoreTraditionalV3,Starters
2022200296,1612709920,Raptors,905,RAP,905,,,,,,,,,154:49,15,34,0.441,3,13,0.231,2,4,0.5,4,10,14,5,3,5,4,9,35,,2022200296,2025-08-10T09:48:20.165340,BoxScoreTraditionalV3,Bench
2022200296,1612709923,Windy City,Bulls,WCB,bulls,,,,,,,,,240:00,45,96,0.469,9,36,0.25,10,15,0.667,13,41,54,28,8,2,17,15,114,4.0,2022200296,2025-08-10T09:48:20.165340,BoxScoreTraditionalV3,
2022200296,1612709920,Raptors,905,RAP,905,,,,,,,,,240:00,44,94,0.468,13,41,0.317,6,10,0.6,11,33,44,27,10,12,16,18,110,-4.0,2022200296,2025-08-10T09:48:20.165340,BoxScoreTraditionalV3,
2022200282,1612709927,Wisconsin,Herd,WIS,herd,1630190.0,Elijah,Hughes,E. Hughes,elijah-hughes,F,,,42:00,4,15,0.267,3,12,0.25,1,1,1.0,0,4,4,3,6,0,2,0,12,-8.0,2022200282,2025-08-10T09:48:20.909054,BoxScoreTraditionalV3,
2022200282,1612709927,Wisconsin,Herd,WIS,herd,1628993.0,Alize,Johnson,A. Johnson,alize-johnson,F,,,37:45,9,13,0.692,0,0,0.0,4,5,0.8,6,14,20,4,2,2,8,6,25,-1.0,2022200282,2025-08-10T09:48:20.909054,BoxScoreTraditionalV3,
2022200282,1612709927,Wisconsin,Herd,WIS,herd,1628238.0,Paris,Bass,P. Bass,paris-bass,C,,,35:29,6,14,0.429,1,3,0.333,3,3,1.0,1,4,5,1,0,0,1,4,18,10.0,2022200282,2025-08-10T09:48:20.909054,BoxScoreTraditionalV3,
2022200282,1612709927,Wisconsin,Herd,WIS,herd,1630306.0,Rob,Edwards,R. Edwards,rob-edwards,G,,,37:28,7,11,0.636,4,8,0.5,4,5,0.8,0,4,4,3,0,0,1,2,26,13.0,2022200282,2025-08-10T09:48:20.909054,BoxScoreTraditionalV3,
2022200282,1612709927,Wisconsin,Herd,WIS,herd,1629623.0,Lindell,Wigginton,L. Wigginton,lindell-wigginton,G,,,37:40,8,20,0.4,6,12,0.5,6,7,0.857,1,1,2,4,1,0,2,5,34,0.0,2022200282,2025-08-10T09:48:20.909054,BoxScoreTraditionalV3,
2022200282,1612709927,Wisconsin,Herd,WIS,herd,1629007.0,Jontay,Porter,J. Porter,jontay-porter,,,,17:31,0,5,0.0,0,4,0.0,0,0,0.0,0,5,5,2,1,1,1,4,0,-14.0,2022200282,2025-08-10T09:48:20.909054,BoxScoreTraditionalV3,
2022200282,1612709927,Wisconsin,Herd,WIS,herd,1630828.0,Alex,Antetokounmpo,A. Antetokounmpo,alex-antetokounmpo,,,,21:49,0,3,0.0,0,2,0.0,0,1,0.0,1,3,4,0,0,0,1,2,0,-9.0,2022200282,2025-08-10T09:48:20.909054,BoxScoreTraditionalV3,
2022200282,1612709927,Wisconsin,Herd,WIS,herd,1630340.0,Jaire,Grayer,J. Grayer,jaire-grayer,,,,10:18,2,6,0.333,1,1,1.0,0,0,0.0,0,1,1,0,0,0,3,2,5,-24.0,2022200282,2025-08-10T09:48:20.909054,BoxScoreTraditionalV3,
2022200282,1612709927,Wisconsin,Herd,WIS,herd,1631260.0,AJ,Green,A. Green,aj-green,,DNP - Coach's Decision,,,0,0,0.0,0,0,0.0,0,0,0.0,0,0,0,0,0,0,0,0,0,0.0,2022200282,2025-08-10T09:48:20.909054,BoxScoreTraditionalV3,
2022200282,1612709927,Wisconsin,Herd,WIS,herd,1630572.0,Sandro,Mamukelashvili,S. Mamukelashvili,sandro-mamukelashvili,,DNP - Coach's Decision,,,0,0,0.0,0,0,0.0,0,0,0.0,0,0,0,0,0,0,0,0,0,0.0,2022200282,2025-08-10T09:48:20.909054,BoxScoreTraditionalV3,
2022200282,1612709893,Cleveland,Charge,CLC,charge,1630207.0,Nate,Hinton,N. Hinton,nate-hinton,F,,,38:32,7,15,0.467,5,10,0.5,0,0,0.0,1,4,5,3,3,1,0,3,19,2.0,2022200282,2025-08-10T09:48:20.909054,BoxScoreTraditionalV3,
2022200282,1612709893,Cleveland,Charge,CLC,charge,1630691.0,Jamorko,Pickett,J. Pickett,jamorko-pickett,F,,,40:06,11,18,0.611,4,8,0.5,3,5,0.6,2,9,11,1,2,3,1,2,30,4.0,2022200282,2025-08-10T09:48:20.909054,BoxScoreTraditionalV3,
2022200282,1612709893,Cleveland,Charge,CLC,charge,1629603.0,Mamadi,Diakite,M. Diakite,mamadi-diakite,C,,,32:42,10,18,0.556,1,6,0.167,1,1,1.0,4,14,18,3,0,5,6,4,23,-3.0,2022200282,2025-08-10T09:48:20.909054,BoxScoreTraditionalV3,
2022200282,1612709893,Cleveland,Charge,CLC,charge,1630241.0,Sam,Merrill,S. Merrill,sam-merrill,G,,,29:08,7,14,0.5,6,10,0.6,0,1,0.0,0,3,3,2,1,0,0,6,20,1.0,2022200282,2025-08-10T09:48:20.909054,BoxScoreTraditionalV3,
2022200282,1612709893,Cleveland,Charge,CLC,charge,1630536.0,Sharife,Cooper,S. Cooper,sharife-cooper,G,,,24:13,6,9,0.667,1,2,0.5,2,2,1.0,2,2,4,5,0,0,5,3,17,-11.0,2022200282,2025-08-10T09:48:20.909054,BoxScoreTraditionalV3,
2022200282,1612709893,Cleveland,Charge,CLC,charge,1626173.0,Rashad,Vaughn,R. Vaughn,rashad-vaughn,,,,18:33,2,6,0.333,0,2,0.0,0,0,0.0,1,1,2,2,1,0,1,0,4,17.0,2022200282,2025-08-10T09:48:20.909054,BoxScoreTraditionalV3,
2022200282,1612709893,Cleveland,Charge,CLC,charge,1631341.0,Chandler,Vaudrin,C. Vaudrin,chandler-vaudrin,,,,33:39,4,10,0.4,1,6,0.167,1,4,0.25,2,2,4,7,0,0,3,2,11,13.0,2022200282,2025-08-10T09:48:20.909054,BoxScoreTraditionalV3,
2022200282,1612709893,Cleveland,Charge,CLC,charge,1631436.0,Gabe,Osabuohien,G. Osabuohien,gabe-osabuohien,,,,15:18,0,0,0.0,0,0,0.0,0,1,0.0,0,3,3,5,1,0,1,3,0,8.0,2022200282,2025-08-10T09:48:20.909054,BoxScoreTraditionalV3,
2022200282,1612709893,Cleveland,Charge,CLC,charge,1630771.0,Blake,Francis,B. Francis,blake-francis,,,,7:49,0,1,0.0,0,1,0.0,2,2,1.0,0,0,0,2,0,0,0,1,4,-3.0,2022200282,2025-08-10T09:48:20.909054,BoxScoreTraditionalV3,
2022200282,1612709893,Cleveland,Charge,CLC,charge,1630824.0,Jermaine,Haley,J. Haley,jermaine-haley,,DNP - Coach's Decision,,,0,0,0.0,0,0,0.0,0,0,0.0,0,0,0,0,0,0,0,0,0,0.0,2022200282,2025-08-10T09:48:20.909054,BoxScoreTraditionalV3,
2022200282,1612709893,Cleveland,Charge,CLC,charge,,,,,,,,,164:41,41,74,0.554,17,36,0.472,6,9,0.667,9,32,41,14,6,9,12,18,109,,2022200282,2025-08-10T09:48:20.909054,BoxScoreTraditionalV3,Starters
2022200282,1612709893,Cleveland,Charge,CLC,charge,,,,,,,,,164:41,6,17,0.353,1,9,0.111,3,7,0.429,3,6,9,16,2,0,5,6,19,,2022200282,2025-08-10T09:48:20.909054,BoxScoreTraditionalV3,Bench
2022200282,1612709927,Wisconsin,Herd,WIS,herd,,,,,,,,,190:22,34,73,0.466,14,35,0.4,18,21,0.857,8,27,35,15,9,2,14,17,115,,2022200282,2025-08-10T09:48:20.909054,BoxScoreTraditionalV3,Starters
2022200282,1612709927,Wisconsin,Herd,WIS,herd,,,,,,,,,190:22,2,14,0.143,1,7,0.143,0,1,0.0,1,9,10,2,1,1,5,8,5,,2022200282,2025-08-10T09:48:20.909054,BoxScoreTraditionalV3,Bench
2022200282,1612709893,Cleveland,Charge,CLC,charge,,,,,,,,,240:00,47,91,0.516,18,45,0.4,9,16,0.563,12,38,50,30,8,9,17,24,128,8.0,2022200282,2025-08-10T09:48:20.909054,BoxScoreTraditionalV3,
2022200282,1612709927,Wisconsin,Herd,WIS,herd,,,,,,,,,240:00,36,87,0.414,15,42,0.357,18,22,0.818,9,36,45,17,10,3,19,25,120,-8.0,2022200282,2025-08-10T09:48:20.909054,BoxScoreTraditionalV3,
2022300502,1612709915,Maine,Celtics,MNE,celtics,1641775.0,Jordan,Walsh,J. Walsh,jordan-walsh,F,,,31:04,6,13,0.462,3,6,0.5,4,4,1.0,2,5,7,1,1,2,2,4,22,1.0,2022300502,2025-08-10T09:48:21.648529,BoxScoreTraditionalV3,
2022300502,1612709915,Maine,Celtics,MNE,celtics,1641809.0,Drew,Peterson,D. Peterson,drew-peterson,F,,,39:35,6,16,0.375,2,6,0.333,4,7,0.571,2,13,15,14,4,0,7,3,20,-16.0,2022300502,2025-08-10T09:48:21.648529,BoxScoreTraditionalV3,
2022300502,1612709915,Maine,Celtics,MNE,celtics,1629674.0,Neemias,Queta,N. Queta,neemias-queta,C,,,26:04,9,13,0.692,0,0,0.0,0,1,0.0,4,4,8,1,1,2,1,3,18,-12.0,2022300502,2025-08-10T09:48:21.648529,BoxScoreTraditionalV3,
2022300502,1612709915,Maine,Celtics,MNE,celtics,1630580.0,Joe,Wieskamp,J. Wieskamp,joe-wieskamp,G,,,34:43,9,18,0.5,3,9,0.333,3,3,1.0,0,3,3,0,3,1,0,3,26,-9.0,2022300502,2025-08-10T09:48:21.648529,BoxScoreTraditionalV3,
2022300502,1612709915,Maine,Celtics,MNE,celtics,1641992.0,Donald,Carey,D. Carey,donald-carey,G,,,20:00,2,3,0.667,2,2,1.0,0,0,0.0,0,0,0,3,1,0,2,5,6,-4.0,2022300502,2025-08-10T09:48:21.648529,BoxScoreTraditionalV3,
2022300502,1612709915,Maine,Celtics,MNE,celtics,1641994.0,Brandon,Slater,B. Slater,brandon-slater,,,,26:26,3,4,0.75,1,2,0.5,1,2,0.5,0,3,3,5,1,0,1,2,9,4.0,2022300502,2025-08-10T09:48:21.648529,BoxScoreTraditionalV3,
2022300502,1612709915,Maine,Celtics,MNE,celtics,203503.0,Tony,Snell,T. Snell,tony-snell,,,,18:34,2,2,1.0,1,1,1.0,0,0,0.0,0,0,0,1,0,0,0,0,5,2.0,2022300502,2025-08-10T09:48:21.648529,BoxScoreTraditionalV3,
2022300502,1612709915,Maine,Celtics,MNE,celtics,1630045.0,Jared,Wilson-Frame,J. Wilson-Frame,jared-wilson-frame,,,,27:24,4,11,0.364,2,7,0.286,0,0,0.0,0,2,2,3,1,0,3,4,10,-6.0,2022300502,2025-08-10T09:48:21.648529,BoxScoreTraditionalV3,
2022300502,1612709915,Maine,Celtics,MNE,celtics,203816.0,Scotty,Hopson,S. Hopson,scotty-hopson,,,,11:02,3,8,0.375,0,2,0.0,0,0,0.0,2,1,3,0,0,0,0,1,6,-13.0,2022300502,2025-08-10T09:48:21.648529,BoxScoreTraditionalV3,
2022300502,1612709915,Maine,Celtics,MNE,celtics,1630318.0,Jordan,Jackson,J. Jackson,jordan-jackson,,,,5:08,0,1,0.0,0,1,0.0,0,0,0.0,0,1,1,0,0,0,0,1,0,3.0,2022300502,2025-08-10T09:48:21.648529,BoxScoreTraditionalV3,
2022300502,1612709929,College Park,Skyhawks,CPS,skyhawks,1641934.0,David,Singleton,D. Singleton,david-singleton,F,,,9:34,0,2,0.0,0,2,0.0,0,0,0.0,0,1,1,0,0,1,0,0,0,1.0,2022300502,2025-08-10T09:48:21.648529,BoxScoreTraditionalV3,
2022300502,1612709929,College Park,Skyhawks,CPS,skyhawks,1641936.0,Miles,Norris,M. Norris,miles-norris,F,,,37:38,2,7,0.286,1,5,0.2,2,2,1.0,2,7,9,1,1,0,0,2,9,2.0,2022300502,2025-08-10T09:48:21.648529,BoxScoreTraditionalV3,
2022300502,1612709929,College Park,Skyhawks,CPS,skyhawks,1629735.0,Chris,Silva,C. Silva,chris-silva,C,,,19:32,3,8,0.375,0,1,0.0,5,5,1.0,3,1,4,2,1,0,2,3,14,-5.0,2022300502,2025-08-10T09:48:21.648529,BoxScoreTraditionalV3,
2022300502,1612709929,College Park,Skyhawks,CPS,skyhawks,1630623.0,Tyson,Etienne,T. Etienne,tyson-etienne,G,,,28:19,3,9,0.333,1,5,0.2,0,2,0.0,0,2,2,10,0,0,4,3,7,5.0,2022300502,2025-08-10T09:48:21.648529,BoxScoreTraditionalV3,
2022300502,1612709929,College Park,Skyhawks,CPS,skyhawks,1641754.0,Seth,Lundy,S. Lundy,seth-lundy,G,,,33:11,12,24,0.5,5,12,0.417,1,1,1.0,1,8,9,4,0,1,2,3,30,14.0,2022300502,2025-08-10T09:48:21.648529,BoxScoreTraditionalV3,
2022300502,1612709929,College Park,Skyhawks,CPS,skyhawks,1630275.0,Jordan,Bowden,J. Bowden,jordan-bowden,,,,27:23,9,15,0.6,5,9,0.556,2,2,1.0,0,3,3,3,1,0,0,2,28,11.0,2022300502,2025-08-10T09:48:21.648529,BoxScoreTraditionalV3,
2022300502,1612709929,College Park,Skyhawks,CPS,skyhawks,1629801.0,Brandon,Randolph,B. Randolph,brandon-randolph,,,,22:12,6,11,0.545,1,2,0.5,2,2,1.0,2,2,4,1,4,0,3,3,16,1.0,2022300502,2025-08-10T09:48:21.648529,BoxScoreTraditionalV3,
2022300502,1612709929,College Park,Skyhawks,CPS,skyhawks,1630312.0,Robert,Baker,R. Baker,robert-baker,,,,25:51,9,12,0.75,2,4,0.5,2,2,1.0,0,4,4,3,2,2,2,2,22,18.0,2022300502,2025-08-10T09:48:21.648529,BoxScoreTraditionalV3,
2022300502,1612709929,College Park,Skyhawks,CPS,skyhawks,1641935.0,Jarkel,Joiner,J. Joiner,jarkel-joiner,,,,26:26,0,4,0.0,0,2,0.0,4,4,1.0,0,2,2,8,1,0,2,3,4,3.0,2022300502,2025-08-10T09:48:21.648529,BoxScoreTraditionalV3,
2022300502,1612709929,College Park,Skyhawks,CPS,skyhawks,1642044.0,Emmitt,"Matthews, Jr.","E. Matthews, Jr.","emmitt-matthews,-jr",,,,5:59,1,2,0.5,0,1,0.0,0,0,0.0,1,0,1,0,0,0,0,0,2,-1.0,2022300502,2025-08-10T09:48:21.648529,BoxScoreTraditionalV3,
2022300502,1612709929,College Park,Skyhawks,CPS,skyhawks,1641812.0,Spencer,Rodgers,S. Rodgers,spencer-rodgers,,,,3:56,0,0,0.0,0,0,0.0,0,0,0.0,0,0,0,0,0,1,0,1,0,1.0,2022300502,2025-08-10T09:48:21.648529,BoxScoreTraditionalV3,
2022300502,1612709929,College Park,Skyhawks,CPS,skyhawks,,,,,,,,,128:14,20,50,0.4,7,25,0.28,8,10,0.8,6,19,25,17,2,2,8,11,60,,2022300502,2025-08-10T09:48:21.648529,BoxScoreTraditionalV3,Starters
2022300502,1612709929,College Park,Skyhawks,CPS,skyhawks,,,,,,,,,128:14,25,44,0.568,8,18,0.444,10,10,1.0,3,11,14,15,8,3,7,11,72,,2022300502,2025-08-10T09:48:21.648529,BoxScoreTraditionalV3,Bench
2022300502,1612709915,Maine,Celtics,MNE,celtics,,,,,,,,,151:26,32,63,0.508,10,23,0.435,11,15,0.733,8,25,33,19,10,5,12,18,92,,2022300502,2025-08-10T09:48:21.648529,BoxScoreTraditionalV3,Starters
2022300502,1612709915,Maine,Celtics,MNE,celtics,,,,,,,,,151:26,12,26,0.462,4,13,0.308,1,2,0.5,2,7,9,9,2,0,4,8,30,,2022300502,2025-08-10T09:48:21.648529,BoxScoreTraditionalV3,Bench
2022300502,1612709929,College Park,Skyhawks,CPS,skyhawks,,,,,,,,,240:00,45,94,0.479,15,43,0.349,18,20,0.9,9,30,39,32,10,5,15,22,132,10.0,2022300502,2025-08-10T09:48:21.648529,BoxScoreTraditionalV3,
2022300502,1612709915,Maine,Celtics,MNE,celtics,,,,,,,,,240:00,44,89,0.494,14,36,0.389,12,17,0.706,10,32,42,28,12,5,16,26,122,-10.0,2022300502,2025-08-10T09:48:21.648529,BoxScoreTraditionalV3,
1022001024,1611661321,Dallas,Wings,DAL,wings,1630149.0,Satou,Sabally,S. Sabally,satou-sabally,F,,,28:12,3,10,0.3,0,4,0.0,4,4,1.0,1,5,6,2,2,0,2,5,10,-10.0,1022001024,2025-08-10T09:48:22.375367,BoxScoreTraditionalV3,
1022001024,1611661321,Dallas,Wings,DAL,wings,203866.0,Kayla,Thornton,K. Thornton,kayla-thornton,F,,,26:39,3,8,0.375,2,6,0.333,0,0,0.0,1,4,5,1,1,0,2,5,8,-16.0,1022001024,2025-08-10T09:48:22.375367,BoxScoreTraditionalV3,
1022001024,1611661321,Dallas,Wings,DAL,wings,203838.0,Astou,Ndour-Fall,A. Ndour-Fall,astou-ndour-fall,C,,,20:20,4,10,0.4,1,5,0.2,0,0,0.0,2,2,4,0,0,2,0,5,9,-17.0,1022001024,2025-08-10T09:48:22.375367,BoxScoreTraditionalV3,
1022001024,1611661321,Dallas,Wings,DAL,wings,1629481.0,Arike,Ogunbowale,A. Ogunbowale,arike-ogunbowale,G,,,31:59,10,22,0.455,0,5,0.0,0,0,0.0,0,1,1,2,1,0,1,1,20,-1.0,1022001024,2025-08-10T09:48:22.375367,BoxScoreTraditionalV3,
1022001024,1611661321,Dallas,Wings,DAL,wings,1627669.0,Moriah,Jefferson,M. Jefferson,moriah-jefferson,G,,,19:48,3,6,0.5,0,0,0.0,3,4,0.75,0,2,2,3,0,0,2,3,9,-5.0,1022001024,2025-08-10T09:48:22.375367,BoxScoreTraditionalV3,
1022001024,1611661321,Dallas,Wings,DAL,wings,1628277.0,Allisha,Gray,A. Gray,allisha-gray,,,,16:53,1,4,0.25,0,2,0.0,0,0,0.0,1,1,2,0,0,0,1,0,2,-7.0,1022001024,2025-08-10T09:48:22.375367,BoxScoreTraditionalV3,
1022001024,1611661321,Dallas,Wings,DAL,wings,1630112.0,Tyasha,Harris,T. Harris,tyasha-harris,,,,17:15,1,2,0.5,0,1,0.0,1,2,0.5,0,1,1,1,1,0,0,2,3,-8.0,1022001024,2025-08-10T09:48:22.375367,BoxScoreTraditionalV3,
1022001024,1611661321,Dallas,Wings,DAL,wings,204330.0,Isabelle,Harrison,I. Harrison,isabelle-harrison,,,,3:55,0,1,0.0,0,0,0.0,0,0,0.0,0,0,0,0,1,0,1,0,0,0.0,1022001024,2025-08-10T09:48:22.375367,BoxScoreTraditionalV3,
1022001024,1611661321,Dallas,Wings,DAL,wings,1629478.0,Katie Lou,Samuelson,K. Samuelson,katie-lou-samuelson,,,,16:17,2,7,0.286,1,4,0.25,0,0,0.0,0,2,2,1,2,2,0,0,5,7.0,1022001024,2025-08-10T09:48:22.375367,BoxScoreTraditionalV3,
1022001024,1611661321,Dallas,Wings,DAL,wings,1630093.0,Bella,Alarie,B. Alarie,bella-alarie,,,,15:45,1,6,0.167,0,3,0.0,2,2,1.0,4,2,6,1,2,1,0,1,4,8.0,1022001024,2025-08-10T09:48:22.375367,BoxScoreTraditionalV3,
1022001024,1611661321,Dallas,Wings,DAL,wings,1629497.0,Marina,Mabrey,M. Mabrey,marina-mabrey,,,,2:57,0,0,0.0,0,0,0.0,0,0,0.0,0,1,1,0,0,0,1,1,0,4.0,1022001024,2025-08-10T09:48:22.375367,BoxScoreTraditionalV3,
1022001024,1611661321,Dallas,Wings,DAL,wings,1629484.0,Megan,Gustafson,M. Gustafson,megan-gustafson,,DNP - Coach's Decision,,,0,0,0.0,0,0,0.0,0,0,0.0,0,0,0,0,0,0,0,0,0,0.0,1022001024,2025-08-10T09:48:22.375367,BoxScoreTraditionalV3,
1022001024,1611661319,Las Vegas,Aces,LVA,aces,201881.0,Angel,McCoughtry,A. McCoughtry,angel-mccoughtry,F,,,15:25,1,4,0.25,0,1,0.0,2,2,1.0,0,4,4,3,1,0,0,1,4,20.0,1022001024,2025-08-10T09:48:22.375367,BoxScoreTraditionalV3,
1022001024,1611661319,Las Vegas,Aces,LVA,aces,1628932.0,A'ja,Wilson,A. Wilson,aja-wilson,F,,,31:21,7,19,0.368,0,0,0.0,5,5,1.0,0,8,8,3,0,1,1,2,19,9.0,1022001024,2025-08-10T09:48:22.375367,BoxScoreTraditionalV3,
1022001024,1611661319,Las Vegas,Aces,LVA,aces,202670.0,Carolyn,Swords,C. Swords,carolyn-swords,C,,,20:07,3,5,0.6,0,0,0.0,1,2,0.5,1,6,7,0,0,0,0,0,7,17.0,1022001024,2025-08-10T09:48:22.375367,BoxScoreTraditionalV3,
1022001024,1611661319,Las Vegas,Aces,LVA,aces,203825.0,Kayla,McBride,K. McBride,kayla-mcbride,G,,,31:38,4,8,0.5,1,5,0.2,2,2,1.0,0,2,2,2,0,0,3,1,11,14.0,1022001024,2025-08-10T09:48:22.375367,BoxScoreTraditionalV3,
1022001024,1611661319,Las Vegas,Aces,LVA,aces,1628263.0,Lindsay,Allen,L. Allen,lindsay-allen,G,,,24:54,4,8,0.5,1,2,0.5,2,2,1.0,1,3,4,3,0,0,2,2,11,22.0,1022001024,2025-08-10T09:48:22.375367,BoxScoreTraditionalV3,
1022001024,1611661319,Las Vegas,Aces,LVA,aces,204324.0,Dearica,Hamby,D. Hamby,dearica-hamby,,,,28:32,3,8,0.375,0,3,0.0,4,7,0.571,3,5,8,4,1,0,7,2,10,-8.0,1022001024,2025-08-10T09:48:22.375367,BoxScoreTraditionalV3,
1022001024,1611661319,Las Vegas,Aces,LVA,aces,1629498.0,Jackie,Young,J. Young,jackie-young,,,,25:38,2,4,0.5,1,1,1.0,5,6,0.833,1,3,4,1,1,0,2,2,10,-11.0,1022001024,2025-08-10T09:48:22.375367,BoxScoreTraditionalV3,
1022001024,1611661319,Las Vegas,Aces,LVA,aces,203411.0,Sugar,Rodgers,S. Rodgers,sugar-rodgers,,,,7:19,0,1,0.0,0,1,0.0,0,0,0.0,0,0,0,1,0,0,2,0,0,-5.0,1022001024,2025-08-10T09:48:22.375367,BoxScoreTraditionalV3,
1022001024,1611661319,Las Vegas,Aces,LVA,aces,202658.0,Danielle,Robinson,D. Robinson,danielle-robinson,,,,15:06,3,5,0.6,0,1,0.0,1,1,1.0,1,2,3,0,0,0,1,4,7,-13.0,1022001024,2025-08-10T09:48:22.375367,BoxScoreTraditionalV3,
1022001024,1611661319,Las Vegas,Aces,LVA,aces,204332.0,Cierra,Burdick,C. Burdick,cierra-burdick,,DNP - Coach's Decision,,,0,0,0.0,0,0,0.0,0,0,0.0,0,0,0,0,0,0,0,0,0,0.0,1022001024,2025-08-10T09:48:22.375367,BoxScoreTraditionalV3,
1022001024,1611661319,Las Vegas,Aces,LVA,aces,203069.0,Avery,Warley-Talbert,A. Warley-Talbert,avery-warley-talbert,,DNP - Coach's Decision,,,0,0,0.0,0,0,0.0,0,0,0.0,0,0,0,0,0,0,0,0,0,0.0,1022001024,2025-08-10T09:48:22.375367,BoxScoreTraditionalV3,
1022001024,1611661319,Las Vegas,Aces,LVA,aces,,,,,,,,,123:25,19,44,0.432,2,8,0.25,12,13,0.923,2,23,25,11,1,1,6,6,52,,1022001024,2025-08-10T09:48:22.375367,BoxScoreTraditionalV3,Starters
1022001024,1611661319,Las Vegas,Aces,LVA,aces,,,,,,,,,123:25,8,18,0.444,1,6,0.167,10,14,0.714,5,10,15,6,2,0,12,8,27,,1022001024,2025-08-10T09:48:22.375367,BoxScoreTraditionalV3,Bench
1022001024,1611661321,Dallas,Wings,DAL,wings,,,,,,,,,126:58,23,56,0.411,3,20,0.15,7,8,0.875,4,14,18,8,4,2,7,19,56,,1022001024,2025-08-10T09:48:22.375367,BoxScoreTraditionalV3,Starters
1022001024,1611661321,Dallas,Wings,DAL,wings,,,,,,,,,126:58,5,20,0.25,1,10,0.1,3,4,0.75,5,7,12,3,6,3,3,4,14,,1022001024,2025-08-10T09:48:22.375367,BoxScoreTraditionalV3,Bench
1022001024,1611661319,Las Vegas,Aces,LVA,aces,,,,,,,,,200:00,27,62,0.435,3,14,0.214,22,27,0.815,7,33,40,17,3,1,18,14,79,9.0,1022001024,2025-08-10T09:48:22.377376,BoxScoreTraditionalV3,
1022001024,1611661321,Dallas,Wings,DAL,wings,,,,,,,,,200:00,28,76,0.368,4,30,0.133,10,12,0.833,9,21,30,11,10,5,10,23,70,-9.0,1022001024,2025-08-10T09:48:22.377376,BoxScoreTraditionalV3,
2022400366,1612709919,Westchester,Knicks,WES,knicks,1629643.0,Chuma,Okeke,C. Okeke,chuma-okeke,F,,,37:29,4,16,0.25,4,10,0.4,2,3,0.667,1,8,9,3,1,2,1,1,14,8.0,2022400366,2025-08-10T09:48:23.095171,BoxScoreTraditionalV3,
2022400366,1612709919,Westchester,Knicks,WES,knicks,1629650.0,Moses,Brown,M. Brown,moses-brown,F,,,40:17,9,13,0.692,0,0,0.0,6,8,0.75,8,14,22,2,2,2,1,0,28,6.0,2022400366,2025-08-10T09:48:23.095171,BoxScoreTraditionalV3,
2022400366,1612709919,Westchester,Knicks,WES,knicks,203933.0,T.J.,Warren,T. Warren,tj-warren,C,,,33:36,4,9,0.444,1,5,0.2,7,7,1.0,0,2,2,4,1,1,3,1,17,11.0,2022400366,2025-08-10T09:48:23.095171,BoxScoreTraditionalV3,
2022400366,1612709919,Westchester,Knicks,WES,knicks,1641755.0,Kevin,McCullar Jr.,K. McCullar Jr.,kevin-mccullar-jr,G,,,37:11,7,14,0.5,3,5,0.6,2,2,1.0,1,6,7,2,1,1,2,4,21,13.0,2022400366,2025-08-10T09:48:23.095171,BoxScoreTraditionalV3,
2022400366,1612709919,Westchester,Knicks,WES,knicks,1642486.0,Boo,Buie III,B. Buie III,boo-buie-iii,G,,,9:50,1,6,0.167,0,3,0.0,0,1,0.0,0,0,0,1,1,0,1,4,2,2.0,2022400366,2025-08-10T09:48:23.095171,BoxScoreTraditionalV3,
2022400366,1612709919,Westchester,Knicks,WES,knicks,1631098.0,Johnny,Davis,J. Davis,johnny-davis,,,,25:11,5,12,0.417,0,2,0.0,0,2,0.0,2,2,4,2,2,0,4,4,10,11.0,2022400366,2025-08-10T09:48:23.095171,BoxScoreTraditionalV3,
2022400366,1612709919,Westchester,Knicks,WES,knicks,1641924.0,Jamal,Bey,J. Bey,jamal-bey,,,,21:53,2,5,0.4,0,2,0.0,0,0,0.0,1,3,4,2,0,1,2,3,4,-7.0,2022400366,2025-08-10T09:48:23.095171,BoxScoreTraditionalV3,
2022400366,1612709919,Westchester,Knicks,WES,knicks,1630733.0,Jordan,Tucker,J. Tucker,jordan-tucker,,,,20:09,3,7,0.429,3,7,0.429,2,2,1.0,0,2,2,2,0,0,2,1,13,-1.0,2022400366,2025-08-10T09:48:23.095171,BoxScoreTraditionalV3,
2022400366,1612709919,Westchester,Knicks,WES,knicks,1631499.0,Alex,O'Connell,A. O'Connell,alex-oconnell,,,,14:24,0,1,0.0,0,1,0.0,1,1,1.0,0,1,1,0,0,0,0,0,2,-3.0,2022400366,2025-08-10T09:48:23.095171,BoxScoreTraditionalV3,
2022400366,1612709919,Westchester,Knicks,WES,knicks,1641830.0,Abdullah,Ahmed,A. Ahmed,abdullah-ahmed,,DNP - Coach's Decision,,,0,0,0.0,0,0,0.0,0,0,0.0,0,0,0,0,0,0,0,0,0,0.0,2022400366,2025-08-10T09:48:23.095171,BoxScoreTraditionalV3,
2022400366,1612709919,Westchester,Knicks,WES,knicks,1642028.0,Kaiden,Rice,K. Rice,kaiden-rice,,DNP - Coach's Decision,,,0,0,0.0,0,0,0.0,0,0,0.0,0,0,0,0,0,0,0,0,0,0.0,2022400366,2025-08-10T09:48:23.095171,BoxScoreTraditionalV3,
2022400366,1612709919,Westchester,Knicks,WES,knicks,1631210.0,Jacob,Toppin,J. Toppin,jacob-toppin,,DNP - Coach's Decision,,,0,0,0.0,0,0,0.0,0,0,0.0,0,0,0,0,0,0,0,0,0,0.0,2022400366,2025-08-10T09:48:23.095171,BoxScoreTraditionalV3,
2022400366,1612709890,Austin,Spurs,AUS,spurs,1631127.0,Harrison,Ingram,H. Ingram,harrison-ingram,F,,,39:41,6,20,0.3,2,10,0.2,0,0,0.0,4,2,6,5,2,1,3,6,14,-2.0,2022400366,2025-08-10T09:48:23.095171,BoxScoreTraditionalV3,
2022400366,1612709890,Austin,Spurs,AUS,spurs,1642755.0,Kyle,Rode,K. Rode,kyle-rode,F,,,28:27,4,8,0.5,3,7,0.429,0,0,0.0,1,3,4,1,1,0,0,1,11,-6.0,2022400366,2025-08-10T09:48:23.095171,BoxScoreTraditionalV3,
2022400366,1612709890,Austin,Spurs,AUS,spurs,1642496.0,Ibrahima,Diallo,I. Diallo,ibrahima-diallo,C,,,39:50,3,6,0.5,0,0,0.0,0,0,0.0,2,6,8,0,1,7,1,4,6,-7.0,2022400366,2025-08-10T09:48:23.095171,BoxScoreTraditionalV3,
2022400366,1612709890,Austin,Spurs,AUS,spurs,1630561.0,David,Duke Jr.,D. Duke Jr.,david-duke-jr,G,,,41:45,11,24,0.458,5,12,0.417,3,4,0.75,1,11,12,6,0,0,5,5,32,-16.0,2022400366,2025-08-10T09:48:23.095171,BoxScoreTraditionalV3,
2022400366,1612709890,Austin,Spurs,AUS,spurs,1642392.0,Jameer,Nelson Jr.,J. Nelson Jr.,jameer-nelson-jr,G,,,32:39,7,15,0.467,1,7,0.143,2,4,0.5,2,2,4,6,2,1,1,5,19,-3.0,2022400366,2025-08-10T09:48:23.095171,BoxScoreTraditionalV3,
2022400366,1612709890,Austin,Spurs,AUS,spurs,1641988.0,Luke,Avdalovic,L. Avdalovic,luke-avdalovic,,,,27:07,3,7,0.429,2,5,0.4,0,0,0.0,1,4,5,0,0,0,1,2,8,-9.0,2022400366,2025-08-10T09:48:23.095171,BoxScoreTraditionalV3,
2022400366,1612709890,Austin,Spurs,AUS,spurs,1629051.0,Quinton,Rose,Q. Rose,quinton-rose,,,,25:24,4,12,0.333,0,5,0.0,0,0,0.0,1,3,4,2,3,2,3,3,8,-7.0,2022400366,2025-08-10T09:48:23.095171,BoxScoreTraditionalV3,
2022400366,1612709890,Austin,Spurs,AUS,spurs,1642684.0,Tray,Jackson,T. Jackson,tray-jackson,,,,5:07,2,2,1.0,0,0,0.0,1,1,1.0,1,0,1,0,0,1,0,1,5,10.0,2022400366,2025-08-10T09:48:23.095171,BoxScoreTraditionalV3,
2022400366,1612709890,Austin,Spurs,AUS,spurs,1631123.0,Jamaree,Bouyea,J. Bouyea,jamaree-bouyea,,DNP - Coach's Decision,,,0,0,0.0,0,0,0.0,0,0,0.0,0,0,0,0,0,0,0,0,0,0.0,2022400366,2025-08-10T09:48:23.095171,BoxScoreTraditionalV3,
2022400366,1612709890,Austin,Spurs,AUS,spurs,1642434.0,Riley,Minix,R. Minix,riley-minix,,DND - Injury/Illness,,,0,0,0.0,0,0,0.0,0,0,0.0,0,0,0,0,0,0,0,0,0,0.0,2022400366,2025-08-10T09:48:23.095171,BoxScoreTraditionalV3,
2022400366,1612709890,Austin,Spurs,AUS,spurs,1642563.0,Osayi,Osifo,O. Osifo,osayi-osifo,,DND - Injury/Illness,,,0,0,0.0,0,0,0.0,0,0,0.0,0,0,0,0,0,0,0,0,0,0.0,2022400366,2025-08-10T09:48:23.095171,BoxScoreTraditionalV3,
2022400366,1612709890,Austin,Spurs,AUS,spurs,1642565.0,Parker,Van Dyke,P. Van Dyke,parker-van-dyke,,DNP - Coach's Decision,,,0,0,0.0,0,0,0.0,0,0,0.0,0,0,0,0,0,0,0,0,0,0.0,2022400366,2025-08-10T09:48:23.095171,BoxScoreTraditionalV3,
2022400366,1612709890,Austin,Spurs,AUS,spurs,,,,,,,,,182:22,31,73,0.425,11,36,0.306,5,8,0.625,10,24,34,18,6,9,10,21,82,,2022400366,2025-08-10T09:48:23.095844,BoxScoreTraditionalV3,Starters
2022400366,1612709890,Austin,Spurs,AUS,spurs,,,,,,,,,182:22,9,21,0.429,2,10,0.2,1,1,1.0,3,7,10,2,3,3,4,6,21,,2022400366,2025-08-10T09:48:23.095844,BoxScoreTraditionalV3,Bench
2022400366,1612709919,Westchester,Knicks,WES,knicks,,,,,,,,,158:23,25,58,0.431,8,23,0.348,17,21,0.81,10,30,40,12,6,6,8,10,82,,2022400366,2025-08-10T09:48:23.095844,BoxScoreTraditionalV3,Starters
2022400366,1612709919,Westchester,Knicks,WES,knicks,,,,,,,,,158:23,10,25,0.4,3,12,0.25,3,5,0.6,3,8,11,6,2,1,8,8,29,,2022400366,2025-08-10T09:48:23.095844,BoxScoreTraditionalV3,Bench
2022400366,1612709890,Austin,Spurs,AUS,spurs,,,,,,,,,240:00,40,94,0.426,13,46,0.283,6,9,0.667,13,31,44,20,9,12,14,27,103,-8.0,2022400366,2025-08-10T09:48:23.095844,BoxScoreTraditionalV3,
2022400366,1612709919,Westchester,Knicks,WES,knicks,,,,,,,,,240:00,35,83,0.422,11,35,0.314,20,26,0.769,13,38,51,18,8,7,16,18,111,8.0,2022400366,2025-08-10T09:48:23.095844,BoxScoreTraditionalV3,
2022300160,1612709913,Birmingham,Squadron,BHM,squadron,1630792.0,Malcolm,Hill,M. Hill,malcolm-hill,F,,,40:04,7,15,0.467,4,7,0.571,2,2,1.0,0,6,6,4,2,0,1,1,22,20.0,2022300160,2025-08-10T09:48:29.015866,BoxScoreTraditionalV3,
2022300160,1612709913,Birmingham,Squadron,BHM,squadron,1641856.0,Tevian,Jones,T. Jones,tevian-jones,F,,,29:54,3,4,0.75,3,3,1.0,0,0,0.0,0,0,0,2,0,0,1,2,9,2.0,2022300160,2025-08-10T09:48:29.015866,BoxScoreTraditionalV3,
2022300160,1612709913,Birmingham,Squadron,BHM,squadron,1630604.0,E.J.,Liddell,E. Liddell,ej-liddell,C,,,30:50,4,11,0.364,1,6,0.167,5,5,1.0,2,7,9,1,0,2,1,3,18,-7.0,2022300160,2025-08-10T09:48:29.015866,BoxScoreTraditionalV3,
2022300160,1612709913,Birmingham,Squadron,BHM,squadron,1631167.0,Izaiah,Brockington,I. Brockington,izaiah-brockington,G,,,32:24,5,8,0.625,2,2,1.0,1,1,1.0,2,2,4,1,0,0,4,5,14,12.0,2022300160,2025-08-10T09:48:29.015866,BoxScoreTraditionalV3,
2022300160,1612709913,Birmingham,Squadron,BHM,squadron,1630622.0,Jalen,Crutcher,J. Crutcher,jalen-crutcher,G,,,39:39,6,18,0.333,3,11,0.273,1,1,1.0,0,4,4,11,1,0,2,1,16,18.0,2022300160,2025-08-10T09:48:29.015866,BoxScoreTraditionalV3,
2022300160,1612709913,Birmingham,Squadron,BHM,squadron,1629955.0,Galen,Robinson Jr.,G. Robinson Jr.,galen-robinson-jr,,,,28:02,6,8,0.75,1,2,0.5,1,3,0.333,0,6,6,3,4,0,1,1,15,20.0,2022300160,2025-08-10T09:48:29.015866,BoxScoreTraditionalV3,
2022300160,1612709913,Birmingham,Squadron,BHM,squadron,1628387.0,Ike,Anigbogu,I. Anigbogu,ike-anigbogu,,,,9:14,2,4,0.5,0,0,0.0,0,0,0.0,4,1,5,0,0,0,1,2,4,18.0,2022300160,2025-08-10T09:48:29.015866,BoxScoreTraditionalV3,
2022300160,1612709913,Birmingham,Squadron,BHM,squadron,1641805.0,Landers,Nolley II,L. Nolley II,landers-nolley-ii,,,,26:43,10,17,0.588,3,7,0.429,1,3,0.333,4,9,13,4,0,0,1,5,25,9.0,2022300160,2025-08-10T09:48:29.015866,BoxScoreTraditionalV3,
2022300160,1612709913,Birmingham,Squadron,BHM,squadron,1642017.0,Pavel,Savkov,P. Savkov,pavel-savkov,,,,1:35,0,1,0.0,0,1,0.0,0,0,0.0,0,0,0,0,0,0,0,1,0,-1.0,2022300160,2025-08-10T09:48:29.015866,BoxScoreTraditionalV3,
2022300160,1612709913,Birmingham,Squadron,BHM,squadron,1630714.0,Josh,Nzeakor,J. Nzeakor,josh-nzeakor,,,,1:35,1,2,0.5,0,0,0.0,0,0,0.0,0,1,1,0,0,0,0,0,2,-1.0,2022300160,2025-08-10T09:48:29.015866,BoxScoreTraditionalV3,
2022300160,1612709913,Birmingham,Squadron,BHM,squadron,1629962.0,Devin,Cannady,D. Cannady,devin-cannady,,DNP - Coach's Decision,,,0,0,0.0,0,0,0.0,0,0,0.0,0,0,0,0,0,0,0,0,0,0.0,2022300160,2025-08-10T09:48:29.015866,BoxScoreTraditionalV3,
2022300160,1612709913,Birmingham,Squadron,BHM,squadron,1630526.0,Jeremiah,Robinson-Earl,J. Robinson-Earl,jeremiah-robinson-earl,,DNP - Coach's Decision,,,0,0,0.0,0,0,0.0,0,0,0.0,0,0,0,0,0,0,0,0,0,0.0,2022300160,2025-08-10T09:48:29.015866,BoxScoreTraditionalV3,
2022300160,1612709913,Birmingham,Squadron,BHM,squadron,1631220.0,Dereon,Seabron,D. Seabron,dereon-seabron,,DNP - Coach's Decision,,,0,0,0.0,0,0,0.0,0,0,0.0,0,0,0,0,0,0,0,0,0,0.0,2022300160,2025-08-10T09:48:29.015866,BoxScoreTraditionalV3,
2022300160,1612709927,Wisconsin,Herd,WIS,herd,1641753.0,Chris,Livingston,C. Livingston,chris-livingston,F,,,30:10,7,12,0.583,0,4,0.0,1,2,0.5,1,5,6,2,1,1,1,3,16,-8.0,2022300160,2025-08-10T09:48:29.015866,BoxScoreTraditionalV3,
2022300160,1612709927,Wisconsin,Herd,WIS,herd,1629117.0,Wenyen,Gabriel,W. Gabriel,wenyen-gabriel,F,,,40:46,9,17,0.529,1,4,0.25,2,4,0.5,3,5,8,0,0,1,4,3,23,-10.0,2022300160,2025-08-10T09:48:29.015866,BoxScoreTraditionalV3,
2022300160,1612709927,Wisconsin,Herd,WIS,herd,1629716.0,Marques,Bolden,M. Bolden,marques-bolden,C,,,16:21,6,6,1.0,0,0,0.0,3,3,1.0,2,5,7,0,0,0,1,6,16,2.0,2022300160,2025-08-10T09:48:29.015866,BoxScoreTraditionalV3,
2022300160,1612709927,Wisconsin,Herd,WIS,herd,203922.0,Glenn,Robinson III,G. Robinson III,glenn-robinson-iii,G,,,26:02,3,4,0.75,2,3,0.667,0,0,0.0,2,3,5,4,1,0,2,0,8,-8.0,2022300160,2025-08-10T09:48:29.015866,BoxScoreTraditionalV3,
2022300160,1612709927,Wisconsin,Herd,WIS,herd,1631102.0,TyTy,Washington Jr.,T. Washington Jr.,tyty-washington-jr,G,,,38:35,5,19,0.263,1,8,0.125,1,1,1.0,0,2,2,12,1,1,3,1,13,-9.0,2022300160,2025-08-10T09:48:29.015866,BoxScoreTraditionalV3,
2022300160,1612709927,Wisconsin,Herd,WIS,herd,1630828.0,Alex,Antetokounmpo,A. Antetokounmpo,alex-antetokounmpo,,,,20:03,0,3,0.0,0,3,0.0,0,1,0.0,0,0,0,0,0,0,0,1,0,-24.0,2022300160,2025-08-10T09:48:29.015866,BoxScoreTraditionalV3,
2022300160,1612709927,Wisconsin,Herd,WIS,herd,1631166.0,Drew,Timme,D. Timme,drew-timme,,,,18:00,5,8,0.625,1,3,0.333,0,0,0.0,2,2,4,2,0,0,1,3,11,-7.0,2022300160,2025-08-10T09:48:29.015866,BoxScoreTraditionalV3,
2022300160,1612709927,Wisconsin,Herd,WIS,herd,1630190.0,Elijah,Hughes,E. Hughes,elijah-hughes,,,,10:33,0,2,0.0,0,2,0.0,1,3,0.333,0,1,1,1,0,0,1,1,2,-11.0,2022300160,2025-08-10T09:48:29.015866,BoxScoreTraditionalV3,
2022300160,1612709927,Wisconsin,Herd,WIS,herd,1642099.0,Isiaih,Mosley,I. Mosley,isiaih-mosley,,,,5:47,0,2,0.0,0,1,0.0,0,0,0.0,0,0,0,0,0,0,0,1,0,-8.0,2022300160,2025-08-10T09:48:29.015866,BoxScoreTraditionalV3,
2022300160,1612709927,Wisconsin,Herd,WIS,herd,1629808.0,Stephen,Thompson,S. Thompson,stephen-thompson,,,,21:23,6,11,0.545,3,6,0.5,1,1,1.0,2,8,10,4,2,0,0,2,16,-6.0,2022300160,2025-08-10T09:48:29.015866,BoxScoreTraditionalV3,
2022300160,1612709927,Wisconsin,Herd,WIS,herd,1641869.0,Malachi,Smith,M. Smith,malachi-smith,,,,12:20,1,4,0.25,0,3,0.0,0,0,0.0,0,2,2,0,1,0,1,0,2,-1.0,2022300160,2025-08-10T09:48:29.015866,BoxScoreTraditionalV3,
2022300160,1612709927,Wisconsin,Herd,WIS,herd,1642128.0,Kihei,Clark,K. Clark,kihei-clark,,DND - Injury/Illness,,,0,0,0.0,0,0,0.0,0,0,0.0,0,0,0,0,0,0,0,0,0,0.0,2022300160,2025-08-10T09:48:29.015866,BoxScoreTraditionalV3,
2022300160,1612709927,Wisconsin,Herd,WIS,herd,,,,,,,,,151:54,30,58,0.517,4,19,0.211,7,10,0.7,8,20,28,18,3,3,11,13,76,,2022300160,2025-08-10T09:48:29.015866,BoxScoreTraditionalV3,Starters
2022300160,1612709927,Wisconsin,Herd,WIS,herd,,,,,,,,,151:54,12,30,0.4,4,18,0.222,2,5,0.4,4,13,17,7,3,0,3,8,31,,2022300160,2025-08-10T09:48:29.015866,BoxScoreTraditionalV3,Bench
2022300160,1612709913,Birmingham,Squadron,BHM,squadron,,,,,,,,,172:51,25,56,0.446,13,29,0.448,9,9,1.0,4,19,23,19,3,2,9,12,79,,2022300160,2025-08-10T09:48:29.015866,BoxScoreTraditionalV3,Starters
2022300160,1612709913,Birmingham,Squadron,BHM,squadron,,,,,,,,,172:51,19,32,0.594,4,10,0.4,2,6,0.333,8,17,25,7,4,0,3,9,46,,2022300160,2025-08-10T09:48:29.015866,BoxScoreTraditionalV3,Bench
2022300160,1612709927,Wisconsin,Herd,WIS,herd,,,,,,,,,240:00,42,88,0.477,8,37,0.216,9,15,0.6,12,33,45,25,6,3,14,21,107,-18.0,2022300160,2025-08-10T09:48:29.018916,BoxScoreTraditionalV3,
2022300160,1612709913,Birmingham,Squadron,BHM,squadron,,,,,,,,,240:00,44,88,0.5,17,39,0.436,11,15,0.733,12,36,48,26,7,2,12,21,125,18.0,2022300160,2025-08-10T09:48:29.018916,BoxScoreTraditionalV3,
2022300085,1612709909,Delaware,Blue Coats,DEL,blue-coats,1641741.0,Ricky,Council IV,R. Council IV,ricky-council-iv,F,,,35:20,12,20,0.6,1,3,0.333,2,5,0.4,4,6,10,2,1,0,2,2,29,1.0,2022300085,2025-08-10T09:48:55.920064,BoxScoreTraditionalV3,
2022300085,1612709909,Delaware,Blue Coats,DEL,blue-coats,1631254.0,Kenneth,Lofton Jr.,K. Lofton Jr.,kenneth-lofton-jr,F,,,24:13,11,15,0.733,0,1,0.0,3,7,0.429,1,7,8,5,0,4,0,4,27,3.0,2022300085,2025-08-10T09:48:55.920064,BoxScoreTraditionalV3,
2022300085,1612709909,Delaware,Blue Coats,DEL,blue-coats,1629647.0,Darius,Bazley,D. Bazley,darius-bazley,C,,,35:57,4,9,0.444,0,1,0.0,3,5,0.6,0,6,6,7,2,8,4,3,13,4.0,2022300085,2025-08-10T09:48:55.920064,BoxScoreTraditionalV3,
2022300085,1612709909,Delaware,Blue Coats,DEL,blue-coats,1630606.0,Javonte,Smart,J. Smart,javonte-smart,G,,,32:19,0,7,0.0,0,6,0.0,1,1,1.0,0,1,1,6,0,0,1,1,1,5.0,2022300085,2025-08-10T09:48:55.920064,BoxScoreTraditionalV3,
2022300085,1612709909,Delaware,Blue Coats,DEL,blue-coats,1629600.0,Jarron,Cumberland,J. Cumberland,jarron-cumberland,G,,,29:13,2,5,0.4,0,1,0.0,1,1,1.0,1,7,8,2,2,0,1,2,6,9.0,2022300085,2025-08-10T09:48:55.920064,BoxScoreTraditionalV3,
2022300085,1612709909,Delaware,Blue Coats,DEL,blue-coats,1631173.0,Terquavion,Smith,T. Smith,terquavion-smith,,,,28:03,8,14,0.571,5,8,0.625,2,2,1.0,1,2,3,1,2,1,1,3,25,4.0,2022300085,2025-08-10T09:48:55.920064,BoxScoreTraditionalV3,
2022300085,1612709909,Delaware,Blue Coats,DEL,blue-coats,1628982.0,Melvin,Frazier Jr.,M. Frazier Jr.,melvin-frazier-jr,,,,18:10,4,5,0.8,0,0,0.0,0,1,0.0,1,1,2,0,1,0,0,2,8,-6.0,2022300085,2025-08-10T09:48:55.920064,BoxScoreTraditionalV3,
2022300085,1612709909,Delaware,Blue Coats,DEL,blue-coats,1630288.0,Jeff,Dowtin Jr.,J. Dowtin Jr.,jeff-dowtin-jr,,,,18:21,4,5,0.8,1,2,0.5,0,0,0.0,0,4,4,3,0,1,2,2,9,2.0,2022300085,2025-08-10T09:48:55.920064,BoxScoreTraditionalV3,
2022300085,1612709909,Delaware,Blue Coats,DEL,blue-coats,1628876.0,Jared,Brownridge,J. Brownridge,jared-brownridge,,,,12:05,0,2,0.0,0,1,0.0,0,0,0.0,1,0,1,0,0,0,0,1,0,2.0,2022300085,2025-08-10T09:48:55.920064,BoxScoreTraditionalV3,
2022300085,1612709909,Delaware,Blue Coats,DEL,blue-coats,1630542.0,Marcus,Bagley,M. Bagley,marcus-bagley,,,,4:43,0,1,0.0,0,0,0.0,0,0,0.0,0,0,0,0,0,0,0,1,0,-3.0,2022300085,2025-08-10T09:48:55.920064,BoxScoreTraditionalV3,
2022300085,1612709909,Delaware,Blue Coats,DEL,blue-coats,1630358.0,Chris,Clarke,C. Clarke,chris-clarke,,,,1:36,0,0,0.0,0,0,0.0,0,0,0.0,0,0,0,0,0,0,0,2,0,-1.0,2022300085,2025-08-10T09:48:55.920064,BoxScoreTraditionalV3,
2022300085,1612709909,Delaware,Blue Coats,DEL,blue-coats,1631198.0,Aminu,Mohammed,A. Mohammed,aminu-mohammed,,DNP - Coach's Decision,,,0,0,0.0,0,0,0.0,0,0,0.0,0,0,0,0,0,0,0,0,0,0.0,2022300085,2025-08-10T09:48:55.920064,BoxScoreTraditionalV3,
2022300085,1612709929,College Park,Skyhawks,CPS,skyhawks,1641934.0,David,Singleton,D. Singleton,david-singleton,F,,,30:31,4,8,0.5,1,4,0.25,0,0,0.0,0,2,2,1,1,0,2,4,9,-12.0,2022300085,2025-08-10T09:48:55.920064,BoxScoreTraditionalV3,
2022300085,1612709929,College Park,Skyhawks,CPS,skyhawks,1629735.0,Chris,Silva,C. Silva,chris-silva,F,,,32:31,11,18,0.611,1,2,0.5,4,6,0.667,5,15,20,5,1,1,5,4,30,5.0,2022300085,2025-08-10T09:48:55.920064,BoxScoreTraditionalV3,
2022300085,1612709929,College Park,Skyhawks,CPS,skyhawks,1641936.0,Miles,Norris,M. Norris,miles-norris,C,,,28:39,4,12,0.333,0,3,0.0,0,0,0.0,1,3,4,2,1,2,0,1,8,-10.0,2022300085,2025-08-10T09:48:55.920064,BoxScoreTraditionalV3,
2022300085,1612709929,College Park,Skyhawks,CPS,skyhawks,1631413.0,Trey,McGowens,T. McGowens,trey-mcgowens,G,,,23:31,3,11,0.273,0,2,0.0,3,3,1.0,1,2,3,4,1,0,2,2,11,3.0,2022300085,2025-08-10T09:48:55.920064,BoxScoreTraditionalV3,
2022300085,1612709929,College Park,Skyhawks,CPS,skyhawks,1641935.0,Jarkel,Joiner,J. Joiner,jarkel-joiner,G,,,38:52,9,18,0.5,1,5,0.2,2,2,1.0,0,2,2,2,0,0,1,4,22,-6.0,2022300085,2025-08-10T09:48:55.920064,BoxScoreTraditionalV3,
2022300085,1612709929,College Park,Skyhawks,CPS,skyhawks,1629801.0,Brandon,Randolph,B. Randolph,brandon-randolph,,,,40:45,6,17,0.353,2,5,0.4,2,4,0.5,0,3,3,4,1,0,2,2,18,6.0,2022300085,2025-08-10T09:48:55.920064,BoxScoreTraditionalV3,
2022300085,1612709929,College Park,Skyhawks,CPS,skyhawks,1642045.0,Devon,Higgs,D. Higgs,devon-higgs,,,,19:38,1,1,1.0,0,0,0.0,1,1,1.0,1,3,4,3,0,0,0,3,4,-7.0,2022300085,2025-08-10T09:48:55.920064,BoxScoreTraditionalV3,
2022300085,1612709929,College Park,Skyhawks,CPS,skyhawks,1630312.0,Robert,Baker,R. Baker,robert-baker,,,,25:33,6,16,0.375,0,3,0.0,0,0,0.0,6,3,9,2,1,1,0,4,12,1.0,2022300085,2025-08-10T09:48:55.920064,BoxScoreTraditionalV3,
2022300085,1612709929,College Park,Skyhawks,CPS,skyhawks,,,,,,,,,154:04,31,67,0.463,3,16,0.188,9,11,0.818,7,24,31,14,4,3,10,15,80,,2022300085,2025-08-10T09:48:55.920064,BoxScoreTraditionalV3,Starters
2022300085,1612709929,College Park,Skyhawks,CPS,skyhawks,,,,,,,,,154:04,13,34,0.382,2,8,0.25,3,5,0.6,7,9,16,9,2,1,2,9,34,,2022300085,2025-08-10T09:48:55.920064,BoxScoreTraditionalV3,Bench
2022300085,1612709909,Delaware,Blue Coats,DEL,blue-coats,,,,,,,,,157:02,29,56,0.518,1,12,0.083,10,19,0.526,6,27,33,22,5,12,8,12,76,,2022300085,2025-08-10T09:48:55.920064,BoxScoreTraditionalV3,Starters
2022300085,1612709909,Delaware,Blue Coats,DEL,blue-coats,,,,,,,,,157:02,16,27,0.593,6,11,0.545,2,3,0.667,3,7,10,4,3,2,3,11,42,,2022300085,2025-08-10T09:48:55.920064,BoxScoreTraditionalV3,Bench
2022300085,1612709929,College Park,Skyhawks,CPS,skyhawks,,,,,,,,,240:00,44,101,0.436,5,24,0.208,12,16,0.75,14,33,47,23,6,4,12,24,114,-4.0,2022300085,2025-08-10T09:48:55.920064,BoxScoreTraditionalV3,
2022300085,1612709909,Delaware,Blue Coats,DEL,blue-coats,,,,,,,,,240:00,45,83,0.542,7,23,0.304,12,22,0.545,9,34,43,26,8,14,11,23,118,4.0,2022300085,2025-08-10T09:48:55.920064,BoxScoreTraditionalV3,
