gameId,teamId,teamCity,teamName,teamTricode,teamSlug,personId,firstName,familyName,nameI,playerSlug,position,comment,jerseyNum,minutes,percentageFieldGoalsAttempted2pt,percentageFieldGoalsAttempted3pt,percentagePoints2pt,percentagePointsMidrange2pt,percentagePoints3pt,percentagePointsFastBreak,percentagePointsFreeThrow,percentagePointsOffTurnovers,percentagePointsPaint,percentageAssisted2pt,percentageUnassisted2pt,percentageAssisted3pt,percentageUnassisted3pt,percentageAssistedFGM,percentageUnassistedFGM,source_game_id,collection_timestamp,endpoint
2022300449,1612709909,Delaware,Blue Coats,DEL,blue-coats,1630358.0,Chris,Clarke,C. Clarke,chris-clarke,F,,,36:25,0.857,0.143,0.5,0.0,0.0,0.0,0.25,0.25,0.5,0.5,0.5,0.0,0.0,0.5,0.5,2022300449,2025-08-10T09:52:43.886084,BoxScoreScoringV3
2022300449,1612709909,Delaware,Blue Coats,DEL,blue-coats,1628982.0,Melvin,Frazier Jr.,M. Frazier Jr.,melvin-frazier-jr,F,,,32:25,0.533,0.467,0.526,0.0,0.316,0.0,0.105,0.0,0.526,0.4,0.6,1.0,0.0,0.571,0.429,2022300449,2025-08-10T09:52:43.886084,BoxScoreScoringV3
2022300449,1612709909,Delaware,Blue Coats,DEL,blue-coats,1627775.0,Patrick,McCaw,P. McCaw,patrick-mccaw,C,,,33:49,0.571,0.429,0.667,0.0,0.333,0.0,0.0,0.222,0.667,0.667,0.333,1.0,0.0,0.75,0.25,2022300449,2025-08-10T09:52:43.886084,BoxScoreScoringV3
2022300449,1612709909,Delaware,Blue Coats,DEL,blue-coats,1628876.0,Jared,Brownridge,J. Brownridge,jared-brownridge,G,,,36:05,0.214,0.786,0.0,0.0,1.0,0.0,0.0,0.2,0.0,0.0,0.0,0.8,0.2,0.8,0.2,2022300449,2025-08-10T09:52:43.886084,BoxScoreScoringV3
2022300449,1612709909,Delaware,Blue Coats,DEL,blue-coats,1631198.0,Aminu,Mohammed,A. Mohammed,aminu-mohammed,G,,,33:55,1.0,0.0,1.0,0.0,0.0,0.0,0.0,0.2,1.0,1.0,0.0,0.0,0.0,1.0,0.0,2022300449,2025-08-10T09:52:43.886084,BoxScoreScoringV3
2022300449,1612709909,Delaware,Blue Coats,DEL,blue-coats,1631173.0,Terquavion,Smith,T. Smith,terquavion-smith,,,,29:58,0.476,0.524,0.462,0.077,0.462,0.0,0.038,0.154,0.385,0.167,0.833,1.0,0.0,0.5,0.5,2022300449,2025-08-10T09:52:43.886084,BoxScoreScoringV3
2022300449,1612709909,Delaware,Blue Coats,DEL,blue-coats,1629051.0,Quinton,Rose,Q. Rose,quinton-rose,,,,19:19,0.417,0.583,0.4,0.0,0.6,0.2,0.0,0.4,0.4,0.667,0.333,1.0,0.0,0.833,0.167,2022300449,2025-08-10T09:52:43.886084,BoxScoreScoringV3
2022300449,1612709909,Delaware,Blue Coats,DEL,blue-coats,1630306.0,Rob,Edwards,R. Edwards,rob-edwards,,,,18:04,0.571,0.429,1.0,0.333,0.0,0.667,0.0,0.667,0.667,0.667,0.333,0.0,0.0,0.667,0.333,2022300449,2025-08-10T09:52:43.886084,BoxScoreScoringV3
2022300449,1612709909,Delaware,Blue Coats,DEL,blue-coats,1630542.0,Marcus,Bagley,M. Bagley,marcus-bagley,,DND - Injury/Illness,,,0.0,0.0,0.0,0.0,0.0,0.0,0.0,0.0,0.0,0.0,0.0,0.0,0.0,0.0,0.0,2022300449,2025-08-10T09:52:43.886084,BoxScoreScoringV3
2022300449,1612709909,Delaware,Blue Coats,DEL,blue-coats,1641741.0,Ricky,Council IV,R. Council IV,ricky-council-iv,,NWT - Not With Team,,,0.0,0.0,0.0,0.0,0.0,0.0,0.0,0.0,0.0,0.0,0.0,0.0,0.0,0.0,0.0,2022300449,2025-08-10T09:52:43.886084,BoxScoreScoringV3
2022300449,1612709909,Delaware,Blue Coats,DEL,blue-coats,1629600.0,Jarron,Cumberland,J. Cumberland,jarron-cumberland,,DND - Injury/Illness,,,0.0,0.0,0.0,0.0,0.0,0.0,0.0,0.0,0.0,0.0,0.0,0.0,0.0,0.0,0.0,2022300449,2025-08-10T09:52:43.886084,BoxScoreScoringV3
2022300449,1612709909,Delaware,Blue Coats,DEL,blue-coats,1630288.0,Jeff,Dowtin Jr.,J. Dowtin Jr.,jeff-dowtin-jr,,NWT - Not With Team,,,0.0,0.0,0.0,0.0,0.0,0.0,0.0,0.0,0.0,0.0,0.0,0.0,0.0,0.0,0.0,2022300449,2025-08-10T09:52:43.886084,BoxScoreScoringV3
2022300449,1612709910,Fort Wayne,Mad Ants,FWN,mad-ants,1631245.0,Quenton,Jackson,Q. Jackson,quenton-jackson,F,,,34:20,0.714,0.286,0.667,0.0,0.0,0.4,0.2,0.0,0.667,0.0,1.0,0.0,0.0,0.0,1.0,2022300449,2025-08-10T09:52:43.886084,BoxScoreScoringV3
2022300449,1612709910,Fort Wayne,Mad Ants,FWN,mad-ants,1631112.0,Kendall,Brown,K. Brown,kendall-brown,F,,,37:26,0.667,0.333,0.64,0.0,0.12,0.16,0.16,0.08,0.64,0.625,0.375,1.0,0.0,0.667,0.333,2022300449,2025-08-10T09:52:43.886084,BoxScoreScoringV3
2022300449,1612709910,Fort Wayne,Mad Ants,FWN,mad-ants,1630847.0,Will,Vorhees,W. Vorhees,will-vorhees,C,,,13:12,0.5,0.5,1.0,0.0,0.0,0.0,0.0,0.0,1.0,0.0,1.0,0.0,0.0,0.0,1.0,2022300449,2025-08-10T09:52:43.886084,BoxScoreScoringV3
2022300449,1612709910,Fort Wayne,Mad Ants,FWN,mad-ants,1630667.0,Kyle,Mangas,K. Mangas,kyle-mangas,G,,,34:35,0.643,0.357,0.6,0.3,0.3,0.2,0.1,0.0,0.3,0.667,0.333,1.0,0.0,0.75,0.25,2022300449,2025-08-10T09:52:43.886084,BoxScoreScoringV3
2022300449,1612709910,Fort Wayne,Mad Ants,FWN,mad-ants,203901.0,Elfrid,Payton,E. Payton,elfrid-payton,G,,,40:41,0.929,0.071,0.88,0.16,0.12,0.0,0.0,0.0,0.72,0.182,0.818,1.0,0.0,0.25,0.75,2022300449,2025-08-10T09:52:43.886084,BoxScoreScoringV3
2022300449,1612709910,Fort Wayne,Mad Ants,FWN,mad-ants,1631131.0,Oscar,Tshiebwe,O. Tshiebwe,oscar-tshiebwe,,,,31:46,1.0,0.0,0.833,0.167,0.0,0.167,0.083,0.0,0.667,1.0,0.0,0.0,0.0,1.0,0.0,2022300449,2025-08-10T09:52:43.886084,BoxScoreScoringV3
2022300449,1612709910,Fort Wayne,Mad Ants,FWN,mad-ants,1628591.0,Craig,Sword,C. Sword,craig-sword,,,,12:59,0.75,0.25,0.571,0.0,0.429,0.0,0.0,0.0,0.571,1.0,0.0,1.0,0.0,1.0,0.0,2022300449,2025-08-10T09:52:43.886084,BoxScoreScoringV3
2022300449,1612709910,Fort Wayne,Mad Ants,FWN,mad-ants,1631209.0,Isaiah,Wong,I. Wong,isaiah-wong,,,,9:54,0.6,0.4,1.0,0.0,0.0,0.0,0.0,0.0,1.0,0.0,1.0,0.0,0.0,0.0,1.0,2022300449,2025-08-10T09:52:43.886084,BoxScoreScoringV3
2022300449,1612709910,Fort Wayne,Mad Ants,FWN,mad-ants,1630817.0,Pedro,Bradshaw,P. Bradshaw,pedro-bradshaw,,,,17:30,0.875,0.125,1.0,0.0,0.0,0.0,0.0,1.0,1.0,1.0,0.0,0.0,0.0,1.0,0.0,2022300449,2025-08-10T09:52:43.886084,BoxScoreScoringV3
2022300449,1612709910,Fort Wayne,Mad Ants,FWN,mad-ants,1630787.0,Cameron,McGriff,C. McGriff,cameron-mcgriff,,,,7:37,0.4,0.6,0.4,0.0,0.6,0.4,0.0,0.0,0.4,1.0,0.0,0.0,1.0,0.5,0.5,2022300449,2025-08-10T09:52:43.886084,BoxScoreScoringV3
2022300449,1612709910,Fort Wayne,Mad Ants,FWN,mad-ants,1642057.0,Daniel,Giddens,D. Giddens,daniel-giddens,,DNP - Coach's Decision,,,0.0,0.0,0.0,0.0,0.0,0.0,0.0,0.0,0.0,0.0,0.0,0.0,0.0,0.0,0.0,2022300449,2025-08-10T09:52:43.886084,BoxScoreScoringV3
2022300449,1612709910,Fort Wayne,Mad Ants,FWN,mad-ants,1627208.0,Stephan,Hicks,S. Hicks,stephan-hicks,,DNP - Coach's Decision,,,0.0,0.0,0.0,0.0,0.0,0.0,0.0,0.0,0.0,0.0,0.0,0.0,0.0,0.0,0.0,2022300449,2025-08-10T09:52:43.886084,BoxScoreScoringV3
2022300449,1612709910,Fort Wayne,Mad Ants,FWN,mad-ants,1631340.0,Mojave,King,M. King,mojave-king,,DNP - Coach's Decision,,,0.0,0.0,0.0,0.0,0.0,0.0,0.0,0.0,0.0,0.0,0.0,0.0,0.0,0.0,0.0,2022300449,2025-08-10T09:52:43.886084,BoxScoreScoringV3
2022300449,1612709910,Fort Wayne,Mad Ants,FWN,mad-ants,1641849.0,Darius,McGhee,D. McGhee,darius-mcghee,,DND - Injury/Illness,,,0.0,0.0,0.0,0.0,0.0,0.0,0.0,0.0,0.0,0.0,0.0,0.0,0.0,0.0,0.0,2022300449,2025-08-10T09:52:43.886084,BoxScoreScoringV3
2022300449,1612709910,Fort Wayne,Mad Ants,FWN,mad-ants,,,,,,,,,240:00,0.736,0.264,0.713,0.104,0.157,0.157,0.087,0.035,0.609,0.488,0.512,0.833,0.167,0.532,0.468,2022300449,2025-08-10T09:52:43.886084,BoxScoreScoringV3
2022300449,1612709909,Delaware,Blue Coats,DEL,blue-coats,,,,,,,,,240:00,0.557,0.443,0.5,0.037,0.417,0.065,0.046,0.213,0.463,0.556,0.444,0.933,0.067,0.69,0.31,2022300449,2025-08-10T09:52:43.886084,BoxScoreScoringV3
2022200075,1612709890,Austin,Spurs,AUS,spurs,1630602.0,Chaundee,Brown Jr.,C. Brown Jr.,chaundee-brown-jr,F,,,35:02,0.85,0.15,0.621,0.0,0.207,0.069,0.138,0.138,0.621,0.444,0.556,1.0,0.0,0.545,0.455,2022200075,2025-08-10T09:52:50.973195,BoxScoreScoringV3
2022200075,1612709890,Austin,Spurs,AUS,spurs,1631160.0,Jordan,Hall,J. Hall,jordan-hall,F,,,31:05,0.727,0.273,0.0,0.0,1.0,0.5,0.0,0.5,0.0,0.0,0.0,0.5,0.5,0.5,0.5,2022200075,2025-08-10T09:52:50.973195,BoxScoreScoringV3
2022200075,1612709890,Austin,Spurs,AUS,spurs,1631230.0,Dominick,Barlow,D. Barlow,dominick-barlow,C,,,27:04,1.0,0.0,1.0,0.0,0.0,0.125,0.0,0.125,1.0,0.625,0.375,0.0,0.0,0.625,0.375,2022200075,2025-08-10T09:52:50.973195,BoxScoreScoringV3
2022200075,1612709890,Austin,Spurs,AUS,spurs,1630778.0,Denzel,Mahoney,D. Mahoney,denzel-mahoney,G,,,36:25,0.3,0.7,0.267,0.0,0.6,0.0,0.133,0.2,0.267,1.0,0.0,1.0,0.0,1.0,0.0,2022200075,2025-08-10T09:52:50.973195,BoxScoreScoringV3
2022200075,1612709890,Austin,Spurs,AUS,spurs,1630681.0,Marcus,Zegarowski,M. Zegarowski,marcus-zegarowski,G,,,28:24,0.556,0.444,0.5,0.0,0.5,0.0,0.0,0.0,0.5,0.333,0.667,1.0,0.0,0.6,0.4,2022200075,2025-08-10T09:52:50.973195,BoxScoreScoringV3
2022200075,1612709890,Austin,Spurs,AUS,spurs,1631339.0,Tommy,Kuhse,T. Kuhse,tommy-kuhse,,,,19:08,0.75,0.25,0.571,0.0,0.429,0.0,0.0,0.286,0.571,0.0,1.0,1.0,0.0,0.333,0.667,2022200075,2025-08-10T09:52:50.973195,BoxScoreScoringV3
2022200075,1612709890,Austin,Spurs,AUS,spurs,1641505.0,Justin,Kier,J. Kier,justin-kier,,,,28:28,0.857,0.143,0.769,0.0,0.0,0.0,0.154,0.154,0.769,0.8,0.2,0.0,0.0,0.8,0.2,2022200075,2025-08-10T09:52:50.973195,BoxScoreScoringV3
2022200075,1612709890,Austin,Spurs,AUS,spurs,1629818.0,Jordan,Murphy,J. Murphy,jordan-murphy,,,,22:56,1.0,0.0,0.8,0.0,0.0,0.2,0.1,0.4,0.8,0.5,0.5,0.0,0.0,0.5,0.5,2022200075,2025-08-10T09:52:50.973195,BoxScoreScoringV3
2022200075,1612709890,Austin,Spurs,AUS,spurs,1631479.0,Adrian,Delph,A. Delph,adrian-delph,,,,11:28,0.0,1.0,0.0,0.0,1.0,0.0,0.0,0.0,0.0,0.0,0.0,1.0,0.0,1.0,0.0,2022200075,2025-08-10T09:52:50.973195,BoxScoreScoringV3
2022200075,1612709890,Austin,Spurs,AUS,spurs,1631286.0,Jalen,Adaway,J. Adaway,jalen-adaway,,DNP - Coach's Decision,,,0.0,0.0,0.0,0.0,0.0,0.0,0.0,0.0,0.0,0.0,0.0,0.0,0.0,0.0,0.0,2022200075,2025-08-10T09:52:50.973195,BoxScoreScoringV3
2022200075,1612709890,Austin,Spurs,AUS,spurs,1628993.0,Alize,Johnson,A. Johnson,alize-johnson,,DNP - Coach's Decision,,,0.0,0.0,0.0,0.0,0.0,0.0,0.0,0.0,0.0,0.0,0.0,0.0,0.0,0.0,0.0,2022200075,2025-08-10T09:52:50.973195,BoxScoreScoringV3
2022200075,1612709929,College Park,Skyhawks,CPS,skyhawks,1631389.0,Davion,Warren,D. Warren,davion-warren,F,,,23:23,0.727,0.273,0.588,0.0,0.0,0.471,0.235,0.118,0.588,0.2,0.8,0.0,0.0,0.2,0.8,2022200075,2025-08-10T09:52:50.973195,BoxScoreScoringV3
2022200075,1612709929,College Park,Skyhawks,CPS,skyhawks,1630707.0,Malik,Ellison,M. Ellison,malik-ellison,F,,,30:33,0.833,0.167,0.909,0.0,0.0,0.0,0.091,0.0,0.909,0.2,0.8,0.0,0.0,0.2,0.8,2022200075,2025-08-10T09:52:50.973195,BoxScoreScoringV3
2022200075,1612709929,College Park,Skyhawks,CPS,skyhawks,1629735.0,Chris,Silva,C. Silva,chris-silva,C,,,22:18,1.0,0.0,0.333,0.0,0.0,0.0,0.333,0.0,0.333,0.0,1.0,0.0,0.0,0.0,1.0,2022200075,2025-08-10T09:52:50.973195,BoxScoreScoringV3
2022200075,1612709929,College Park,Skyhawks,CPS,skyhawks,204038.0,Langston,Galloway,L. Galloway,langston-galloway,G,,,29:40,0.643,0.357,0.375,0.125,0.375,0.25,0.125,0.25,0.25,1.0,0.0,1.0,0.0,1.0,0.0,2022200075,2025-08-10T09:52:50.973195,BoxScoreScoringV3
2022200075,1612709929,College Park,Skyhawks,CPS,skyhawks,1627760.0,Cat,Barber,C. Barber,cat-barber,G,,,28:38,0.889,0.111,0.667,0.0,0.0,0.333,0.167,0.0,0.667,0.5,0.5,0.0,0.0,0.5,0.5,2022200075,2025-08-10T09:52:50.973195,BoxScoreScoringV3
2022200075,1612709929,College Park,Skyhawks,CPS,skyhawks,1629633.0,Jarrett,Culver,J. Culver,jarrett-culver,,,,30:31,0.923,0.077,0.778,0.111,0.0,0.222,0.111,0.111,0.667,0.286,0.714,0.0,0.0,0.286,0.714,2022200075,2025-08-10T09:52:50.973195,BoxScoreScoringV3
2022200075,1612709929,College Park,Skyhawks,CPS,skyhawks,1629717.0,Armoni,Brooks,A. Brooks,armoni-brooks,,,,30:31,0.176,0.824,0.222,0.0,0.667,0.111,0.111,0.0,0.222,0.0,1.0,0.75,0.25,0.5,0.5,2022200075,2025-08-10T09:52:50.973195,BoxScoreScoringV3
2022200075,1612709929,College Park,Skyhawks,CPS,skyhawks,1630793.0,Giorgi,Bezhanishvili,G. Bezhanishvili,giorgi-bezhanishvili,,,,23:25,0.857,0.143,1.0,0.0,0.0,0.333,0.0,0.0,1.0,1.0,0.0,0.0,0.0,1.0,0.0,2022200075,2025-08-10T09:52:50.973195,BoxScoreScoringV3
2022200075,1612709929,College Park,Skyhawks,CPS,skyhawks,1630623.0,Tyson,Etienne,T. Etienne,tyson-etienne,,,,21:01,0.667,0.333,0.444,0.0,0.333,0.222,0.111,0.444,0.444,1.0,0.0,1.0,0.0,1.0,0.0,2022200075,2025-08-10T09:52:50.973195,BoxScoreScoringV3
2022200075,1612709929,College Park,Skyhawks,CPS,skyhawks,,,,,,,,,240:00,0.67,0.33,0.561,0.037,0.196,0.224,0.14,0.112,0.523,0.433,0.567,0.857,0.143,0.514,0.486,2022200075,2025-08-10T09:52:50.973195,BoxScoreScoringV3
2022200075,1612709890,Austin,Spurs,AUS,spurs,,,,,,,,,240:00,0.73,0.27,0.579,0.0,0.316,0.079,0.079,0.175,0.579,0.545,0.455,0.917,0.083,0.644,0.356,2022200075,2025-08-10T09:52:50.973195,BoxScoreScoringV3
1022001035,1611661313,New York,Liberty,NYL,liberty,1630127.0,Leaonna,Odom,L. Odom,leaonna-odom,F,,,27:20,0.667,0.333,0.444,0.0,0.333,0.0,0.222,0.0,0.444,0.5,0.5,1.0,0.0,0.667,0.333,1022001035,2025-08-10T09:53:11.655196,BoxScoreScoringV3
1022001035,1611661313,New York,Liberty,NYL,liberty,204329.0,Kiah,Stokes,K. Stokes,kiah-stokes,F,,,32:46,0.25,0.75,0.0,0.0,1.0,0.0,0.0,0.0,0.0,0.0,0.0,1.0,0.0,1.0,0.0,1022001035,2025-08-10T09:53:11.655196,BoxScoreScoringV3
1022001035,1611661313,New York,Liberty,NYL,liberty,204320.0,Amanda,Zahui B,A. Zahui B,amanda-zahui-b,C,,,33:59,0.1,0.9,0.143,0.0,0.857,0.0,0.0,0.214,0.143,1.0,0.0,1.0,0.0,1.0,0.0,1022001035,2025-08-10T09:53:11.655196,BoxScoreScoringV3
1022001035,1611661313,New York,Liberty,NYL,liberty,1628915.0,Kia,Nurse,K. Nurse,kia-nurse,G,,,28:45,0.364,0.636,0.235,0.118,0.353,0.118,0.412,0.353,0.118,0.5,0.5,1.0,0.0,0.75,0.25,1022001035,2025-08-10T09:53:11.655196,BoxScoreScoringV3
1022001035,1611661313,New York,Liberty,NYL,liberty,203406.0,Layshia,Clarendon,L. Clarendon,layshia-clarendon,G,,,31:51,0.286,0.714,0.143,0.143,0.857,0.0,0.0,0.0,0.0,0.0,1.0,0.75,0.25,0.6,0.4,1022001035,2025-08-10T09:53:11.655196,BoxScoreScoringV3
1022001035,1611661313,New York,Liberty,NYL,liberty,1630119.0,Jazmine,Jones,J. Jones,jazmine-jones,,,,10:08,0.75,0.25,0.667,0.667,0.0,0.0,0.333,0.0,0.0,0.0,1.0,0.0,0.0,0.0,1.0,1022001035,2025-08-10T09:53:11.655196,BoxScoreScoringV3
1022001035,1611661313,New York,Liberty,NYL,liberty,1630131.0,Kylee,Shook,K. Shook,kylee-shook,,,,9:03,0.667,0.333,0.0,0.0,0.0,0.0,0.0,0.0,0.0,0.0,0.0,0.0,0.0,0.0,0.0,1022001035,2025-08-10T09:53:11.655196,BoxScoreScoringV3
1022001035,1611661313,New York,Liberty,NYL,liberty,1630139.0,Jocelyn,Willoughby,J. Willoughby,jocelyn-willoughby,,,,14:27,0.75,0.25,0.222,0.0,0.0,0.0,0.778,0.0,0.222,0.0,1.0,0.0,0.0,0.0,1.0,1022001035,2025-08-10T09:53:11.655196,BoxScoreScoringV3
1022001035,1611661313,New York,Liberty,NYL,liberty,1630115.0,Joyner,Holmes,J. Holmes,joyner-holmes,,,,4:12,0.5,0.5,0.667,0.0,0.0,0.0,0.333,0.0,0.667,1.0,0.0,0.0,0.0,1.0,0.0,1022001035,2025-08-10T09:53:11.655196,BoxScoreScoringV3
1022001035,1611661313,New York,Liberty,NYL,liberty,1630136.0,Megan,Walker,M. Walker,megan-walker,,,,7:29,0.667,0.333,1.0,0.0,0.0,0.0,0.0,0.0,1.0,1.0,0.0,0.0,0.0,1.0,0.0,1022001035,2025-08-10T09:53:11.655196,BoxScoreScoringV3
1022001035,1611661313,New York,Liberty,NYL,liberty,1629476.0,Asia (AD),Durr,A. Durr,asia-(ad)-durr,,NWT_NOT_WITH_TEAM,,,0.0,0.0,0.0,0.0,0.0,0.0,0.0,0.0,0.0,0.0,0.0,0.0,0.0,0.0,0.0,1022001035,2025-08-10T09:53:11.655196,BoxScoreScoringV3
1022001035,1611661313,New York,Liberty,NYL,liberty,1629477.0,Sabrina,Ionescu,S. Ionescu,sabrina-ionescu,,NWT_NOT_WITH_TEAM,,,0.0,0.0,0.0,0.0,0.0,0.0,0.0,0.0,0.0,0.0,0.0,0.0,0.0,0.0,0.0,1022001035,2025-08-10T09:53:11.655196,BoxScoreScoringV3
1022001035,1611661322,Washington,Mystics,WAS,mystics,1627672.0,Aerial,Powers,A. Powers,aerial-powers,F,,,30:18,0.833,0.167,0.4,0.3,0.15,0.0,0.45,0.25,0.1,0.0,1.0,1.0,0.0,0.2,0.8,1022001035,2025-08-10T09:53:11.655196,BoxScoreScoringV3
1022001035,1611661322,Washington,Mystics,WAS,mystics,203416.0,Emma,Meesseman,E. Meesseman,emma-meesseman,F,,,32:12,0.7,0.3,0.471,0.235,0.353,0.0,0.176,0.118,0.235,1.0,0.0,1.0,0.0,1.0,0.0,1022001035,2025-08-10T09:53:11.655196,BoxScoreScoringV3
1022001035,1611661322,Washington,Mystics,WAS,mystics,1628899.0,Myisha,Hines-Allen,M. Hines-Allen,myisha-hines-allen,C,,,26:22,0.769,0.231,0.833,0.0,0.0,0.0,0.167,0.167,0.833,0.4,0.6,0.0,0.0,0.4,0.6,1022001035,2025-08-10T09:53:11.655196,BoxScoreScoringV3
1022001035,1611661322,Washington,Mystics,WAS,mystics,1628878.0,Ariel,Atkins,A. Atkins,ariel-atkins,G,,,23:44,0.75,0.25,0.667,0.444,0.333,0.0,0.0,0.0,0.222,0.667,0.333,1.0,0.0,0.75,0.25,1022001035,2025-08-10T09:53:11.655196,BoxScoreScoringV3
1022001035,1611661322,Washington,Mystics,WAS,mystics,201507.0,Leilani,Mitchell,L. Mitchell,leilani-mitchell,G,,,29:20,0.8,0.2,0.0,0.0,0.0,0.0,1.0,0.0,0.0,0.0,0.0,0.0,0.0,0.0,0.0,1022001035,2025-08-10T09:53:11.655196,BoxScoreScoringV3
1022001035,1611661322,Washington,Mystics,WAS,mystics,203403.0,Tianna,Hawkins,T. Hawkins,tianna-hawkins,,,,17:13,0.25,0.75,0.0,0.0,0.0,0.0,0.0,0.0,0.0,0.0,0.0,0.0,0.0,0.0,0.0,1022001035,2025-08-10T09:53:11.655196,BoxScoreScoringV3
1022001035,1611661322,Washington,Mystics,WAS,mystics,201502.0,Essence,Carson,E. Carson,essence-carson,,,,7:48,0.0,0.0,0.0,0.0,0.0,0.0,0.0,0.0,0.0,0.0,0.0,0.0,0.0,0.0,0.0,1022001035,2025-08-10T09:53:11.655196,BoxScoreScoringV3
1022001035,1611661322,Washington,Mystics,WAS,mystics,1628268.0,Alaina,Coates,A. Coates,alaina-coates,,,,4:13,0.0,0.0,0.0,0.0,0.0,0.0,0.0,0.0,0.0,0.0,0.0,0.0,0.0,0.0,0.0,1022001035,2025-08-10T09:53:11.655196,BoxScoreScoringV3
1022001035,1611661322,Washington,Mystics,WAS,mystics,1629506.0,Kiara,Leslie,K. Leslie,kiara-leslie,,,,18:11,1.0,0.0,1.0,0.0,0.0,0.0,0.0,0.0,1.0,0.0,1.0,0.0,0.0,0.0,1.0,1022001035,2025-08-10T09:53:11.655196,BoxScoreScoringV3
1022001035,1611661322,Washington,Mystics,WAS,mystics,203035.0,Shey,Peddy,S. Peddy,shey-peddy,,,,10:40,0.0,1.0,0.0,0.0,0.0,0.0,0.0,0.0,0.0,0.0,0.0,0.0,0.0,0.0,0.0,1022001035,2025-08-10T09:53:11.655196,BoxScoreScoringV3
1022001035,1611661322,Washington,Mystics,WAS,mystics,202250.0,Tina,Charles,T. Charles,tina-charles,,NWT_NOT_WITH_TEAM,,,0.0,0.0,0.0,0.0,0.0,0.0,0.0,0.0,0.0,0.0,0.0,0.0,0.0,0.0,0.0,1022001035,2025-08-10T09:53:11.655196,BoxScoreScoringV3
1022001035,1611661322,Washington,Mystics,WAS,mystics,203399.0,Elena,Delle Donne,E. Delle Donne,elena-delle-donne,,NWT_NOT_WITH_TEAM,,,0.0,0.0,0.0,0.0,0.0,0.0,0.0,0.0,0.0,0.0,0.0,0.0,0.0,0.0,0.0,1022001035,2025-08-10T09:53:11.655196,BoxScoreScoringV3
1022001035,1611661322,Washington,Mystics,WAS,mystics,,,,,,,,,200:00,0.738,0.262,0.576,0.212,0.182,0.0,0.242,0.136,0.364,0.421,0.579,1.0,0.0,0.522,0.478,1022001035,2025-08-10T09:53:11.655196,BoxScoreScoringV3
1022001035,1611661313,New York,Liberty,NYL,liberty,,,,,,,,,200:00,0.429,0.571,0.27,0.081,0.486,0.027,0.243,0.122,0.189,0.5,0.5,0.917,0.083,0.727,0.273,1022001035,2025-08-10T09:53:11.655196,BoxScoreScoringV3
2022100396,1612709909,Delaware,Blue Coats,DEL,blue-coats,1627885.0,Shaquille,Harrison,S. Harrison,shaquille-harrison,F,,,26:50,0.5,0.5,0.333,0.0,0.5,0.167,0.083,0.167,0.333,0.0,1.0,1.0,0.0,0.5,0.5,2022100396,2025-08-10T09:53:16.746065,BoxScoreScoringV3
2022100396,1612709909,Delaware,Blue Coats,DEL,blue-coats,1627775.0,Patrick,McCaw,P. McCaw,patrick-mccaw,F,,,27:24,0.429,0.571,0.4,0.0,0.6,0.4,0.0,0.4,0.4,1.0,0.0,1.0,0.0,1.0,0.0,2022100396,2025-08-10T09:53:16.746065,BoxScoreScoringV3
2022100396,1612709909,Delaware,Blue Coats,DEL,blue-coats,1629646.0,Charles,Bassey,C. Bassey,charles-bassey,C,,,23:35,0.917,0.083,0.762,0.0,0.143,0.381,0.048,0.19,0.762,0.875,0.125,1.0,0.0,0.889,0.111,2022100396,2025-08-10T09:53:16.746065,BoxScoreScoringV3
2022100396,1612709909,Delaware,Blue Coats,DEL,blue-coats,1630531.0,Jaden,Springer,J. Springer,jaden-springer,G,,,32:37,0.75,0.25,0.467,0.0,0.4,0.133,0.067,0.2,0.467,0.286,0.714,0.75,0.25,0.455,0.545,2022100396,2025-08-10T09:53:16.746065,BoxScoreScoringV3
2022100396,1612709909,Delaware,Blue Coats,DEL,blue-coats,1629619.0,Myles,Powell,M. Powell,myles-powell,G,,,28:18,0.563,0.438,1.0,0.0,0.0,0.667,0.0,0.667,1.0,0.667,0.333,0.0,0.0,0.667,0.333,2022100396,2025-08-10T09:53:16.746065,BoxScoreScoringV3
2022100396,1612709909,Delaware,Blue Coats,DEL,blue-coats,1629044.0,Shamorie,Ponds,S. Ponds,shamorie-ponds,,,,23:36,0.6,0.4,0.609,0.0,0.261,0.261,0.087,0.348,0.609,0.429,0.571,0.5,0.5,0.444,0.556,2022100396,2025-08-10T09:53:16.746065,BoxScoreScoringV3
2022100396,1612709909,Delaware,Blue Coats,DEL,blue-coats,1630565.0,Aaron,Henry,A. Henry,aaron-henry,,,,29:29,0.417,0.583,0.5,0.0,0.5,0.417,0.0,0.0,0.5,0.333,0.667,1.0,0.0,0.6,0.4,2022100396,2025-08-10T09:53:16.746065,BoxScoreScoringV3
2022100396,1612709909,Delaware,Blue Coats,DEL,blue-coats,1630296.0,Braxton,Key,B. Key,braxton-key,,,,24:25,0.778,0.222,0.5,0.0,0.0,0.167,0.25,0.0,0.5,0.667,0.333,0.0,0.0,0.667,0.333,2022100396,2025-08-10T09:53:16.746065,BoxScoreScoringV3
2022100396,1612709909,Delaware,Blue Coats,DEL,blue-coats,1628113.0,Demarcus,Holland,D. Holland,demarcus-holland,,,,13:06,0.0,1.0,0.0,0.0,1.0,1.0,0.0,0.0,0.0,0.0,0.0,1.0,0.0,1.0,0.0,2022100396,2025-08-10T09:53:16.746065,BoxScoreScoringV3
2022100396,1612709909,Delaware,Blue Coats,DEL,blue-coats,1628876.0,Jared,Brownridge,J. Brownridge,jared-brownridge,,,,10:40,0.0,1.0,0.0,0.0,1.0,0.5,0.0,0.0,0.0,0.0,0.0,0.5,0.5,0.5,0.5,2022100396,2025-08-10T09:53:16.746065,BoxScoreScoringV3
2022100396,1612709909,Delaware,Blue Coats,DEL,blue-coats,1630768.0,Barra,Njie,B. Njie,barra-njie,,DNP - Coach's Decision,,,0.0,0.0,0.0,0.0,0.0,0.0,0.0,0.0,0.0,0.0,0.0,0.0,0.0,0.0,0.0,2022100396,2025-08-10T09:53:16.746065,BoxScoreScoringV3
2022100396,1612709893,Cleveland,Charge,CLC,charge,1629713.0,Justin,James,J. James,justin-james,F,,,36:30,0.5,0.5,0.235,0.0,0.529,0.0,0.118,0.0,0.235,0.5,0.5,1.0,0.0,0.8,0.2,2022100396,2025-08-10T09:53:16.746065,BoxScoreScoringV3
2022100396,1612709893,Cleveland,Charge,CLC,charge,1628411.0,Wes,Iwundu,W. Iwundu,wes-iwundu,F,,,28:03,0.857,0.143,0.889,0.0,0.0,0.222,0.111,0.0,0.889,0.5,0.5,0.0,0.0,0.5,0.5,2022100396,2025-08-10T09:53:16.746065,BoxScoreScoringV3
2022100396,1612709893,Cleveland,Charge,CLC,charge,1629605.0,Tacko,Fall,T. Fall,tacko-fall,C,,,23:49,1.0,0.0,0.783,0.0,0.0,0.13,0.13,0.087,0.783,0.667,0.333,0.0,0.0,0.667,0.333,2022100396,2025-08-10T09:53:16.746065,BoxScoreScoringV3
2022100396,1612709893,Cleveland,Charge,CLC,charge,1629005.0,Malik,Newman,M. Newman,malik-newman,G,,,35:53,0.643,0.357,0.348,0.087,0.522,0.13,0.087,0.13,0.261,0.5,0.5,0.25,0.75,0.375,0.625,2022100396,2025-08-10T09:53:16.746065,BoxScoreScoringV3
2022100396,1612709893,Cleveland,Charge,CLC,charge,1630753.0,Cameron,Young,C. Young,cameron-young,G,,,38:24,0.476,0.524,0.435,0.0,0.391,0.087,0.087,0.0,0.435,0.0,1.0,0.667,0.333,0.25,0.75,2022100396,2025-08-10T09:53:16.746065,BoxScoreScoringV3
2022100396,1612709893,Cleveland,Charge,CLC,charge,203962.0,Josh,Huestis,J. Huestis,josh-huestis,,,,22:59,0.2,0.8,0.154,0.0,0.462,0.0,0.308,0.231,0.154,0.0,1.0,1.0,0.0,0.667,0.333,2022100396,2025-08-10T09:53:16.746065,BoxScoreScoringV3
2022100396,1612709893,Cleveland,Charge,CLC,charge,1628393.0,Jawun,Evans,J. Evans,jawun-evans,,,,21:03,0.5,0.5,0.25,0.0,0.75,0.0,0.0,0.0,0.25,0.0,1.0,1.0,0.0,0.667,0.333,2022100396,2025-08-10T09:53:16.746065,BoxScoreScoringV3
2022100396,1612709893,Cleveland,Charge,CLC,charge,1630642.0,Mitch,Ballock,M. Ballock,mitch-ballock,,,,21:10,0.333,0.667,1.0,1.0,0.0,1.0,0.0,0.0,0.0,1.0,0.0,0.0,0.0,1.0,0.0,2022100396,2025-08-10T09:53:16.746065,BoxScoreScoringV3
2022100396,1612709893,Cleveland,Charge,CLC,charge,1630354.0,Trey,Landers,T. Landers,trey-landers,,,,12:10,0.0,0.0,0.0,0.0,0.0,0.0,0.0,0.0,0.0,0.0,0.0,0.0,0.0,0.0,0.0,2022100396,2025-08-10T09:53:16.746065,BoxScoreScoringV3
2022100396,1612709893,Cleveland,Charge,CLC,charge,,,,,,,,,240:00,0.593,0.407,0.458,0.034,0.356,0.102,0.119,0.068,0.424,0.444,0.556,0.714,0.286,0.537,0.463,2022100396,2025-08-10T09:53:16.754128,BoxScoreScoringV3
2022100396,1612709909,Delaware,Blue Coats,DEL,blue-coats,,,,,,,,,240:00,0.596,0.404,0.523,0.0,0.346,0.3,0.069,0.2,0.523,0.529,0.471,0.8,0.2,0.612,0.388,2022100396,2025-08-10T09:53:16.754128,BoxScoreScoringV3
2022200296,1612709920,Raptors,905,RAP,905,1630525.0,David,Johnson,D. Johnson,david-johnson,F,,,30:01,0.538,0.462,0.571,0.143,0.429,0.0,0.0,0.0,0.429,0.0,1.0,1.0,0.0,0.333,0.667,2022200296,2025-08-10T09:53:26.485134,BoxScoreScoringV3
2022200296,1612709920,Raptors,905,RAP,905,1631199.0,Ron,Harper Jr.,R. Harper Jr.,ron-harper-jr,F,,,33:03,0.25,0.75,0.211,0.0,0.789,0.105,0.0,0.0,0.211,1.0,0.0,1.0,0.0,1.0,0.0,2022200296,2025-08-10T09:53:26.485134,BoxScoreScoringV3
2022200296,1612709920,Raptors,905,RAP,905,1630777.0,Jeremiah,Tilmon,J. Tilmon,jeremiah-tilmon,C,,,25:32,1.0,0.0,0.706,0.0,0.0,0.118,0.176,0.118,0.706,0.5,0.5,0.0,0.0,0.5,0.5,2022200296,2025-08-10T09:53:26.485134,BoxScoreScoringV3
2022200296,1612709920,Raptors,905,RAP,905,1628425.0,Sterling,Brown,S. Brown,sterling-brown,G,,,33:28,0.538,0.462,0.667,0.0,0.333,0.333,0.0,0.222,0.667,0.333,0.667,1.0,0.0,0.5,0.5,2022200296,2025-08-10T09:53:26.485134,BoxScoreScoringV3
2022200296,1612709920,Raptors,905,RAP,905,1630625.0,Dalano,Banton,D. Banton,dalano-banton,G,,,32:45,0.533,0.467,0.5,0.0,0.375,0.438,0.063,0.25,0.5,0.5,0.5,0.5,0.5,0.5,0.5,2022200296,2025-08-10T09:53:26.485134,BoxScoreScoringV3
2022200296,1612709920,Raptors,905,RAP,905,1629200.0,Aaron,Epps,A. Epps,aaron-epps,,,,17:28,1.0,0.0,1.0,0.0,0.0,0.333,0.0,0.0,1.0,1.0,0.0,0.0,0.0,1.0,0.0,2022200296,2025-08-10T09:53:26.485134,BoxScoreScoringV3
2022200296,1612709920,Raptors,905,RAP,905,1631122.0,Gabe,Brown,G. Brown,gabe-brown,,,,15:57,0.286,0.714,0.4,0.0,0.6,0.4,0.0,0.0,0.4,1.0,0.0,1.0,0.0,1.0,0.0,2022200296,2025-08-10T09:53:26.485134,BoxScoreScoringV3
2022200296,1612709920,Raptors,905,RAP,905,1628753.0,Tra-Deon,Hollins,T. Hollins,tra-deon-hollins,,,,12:54,0.6,0.4,1.0,0.0,0.0,0.0,0.0,0.0,1.0,0.0,1.0,0.0,0.0,0.0,1.0,2022200296,2025-08-10T09:53:26.485134,BoxScoreScoringV3
2022200296,1612709920,Raptors,905,RAP,905,1641501.0,Ryan,Hawkins,R. Hawkins,ryan-hawkins,,,,14:58,0.333,0.667,1.0,0.0,0.0,0.0,0.0,0.0,1.0,1.0,0.0,0.0,0.0,1.0,0.0,2022200296,2025-08-10T09:53:26.485134,BoxScoreScoringV3
2022200296,1612709920,Raptors,905,RAP,905,1631458.0,Darryl,Morsell,D. Morsell,darryl-morsell,,,,22:14,0.667,0.333,0.556,0.0,0.333,0.167,0.111,0.278,0.556,0.4,0.6,1.0,0.0,0.571,0.429,2022200296,2025-08-10T09:53:26.485134,BoxScoreScoringV3
2022200296,1612709920,Raptors,905,RAP,905,1630283.0,Kylor,Kelley,K. Kelley,kylor-kelley,,,,1:41,0.0,0.0,0.0,0.0,0.0,0.0,0.0,0.0,0.0,0.0,0.0,0.0,0.0,0.0,0.0,2022200296,2025-08-10T09:53:26.485134,BoxScoreScoringV3
2022200296,1612709920,Raptors,905,RAP,905,1630288.0,Jeff,Dowtin Jr.,J. Dowtin Jr.,jeff-dowtin-jr,,DNP - Coach's Decision,,,0.0,0.0,0.0,0.0,0.0,0.0,0.0,0.0,0.0,0.0,0.0,0.0,0.0,0.0,0.0,2022200296,2025-08-10T09:53:26.485134,BoxScoreScoringV3
2022200296,1612709920,Raptors,905,RAP,905,1631388.0,Keith,Williams,K. Williams,keith-williams,,DNP - Coach's Decision,,,0.0,0.0,0.0,0.0,0.0,0.0,0.0,0.0,0.0,0.0,0.0,0.0,0.0,0.0,0.0,2022200296,2025-08-10T09:53:26.485134,BoxScoreScoringV3
2022200296,1612709923,Windy City,Bulls,WCB,bulls,1631290.0,Aaron,Wheeler,A. Wheeler,aaron-wheeler,F,,,32:30,0.727,0.273,0.909,0.0,0.0,0.364,0.091,0.0,0.909,1.0,0.0,0.0,0.0,1.0,0.0,2022200296,2025-08-10T09:53:26.485134,BoxScoreScoringV3
2022200296,1612709923,Windy City,Bulls,WCB,bulls,1630929.0,Henri,Drell,H. Drell,henri-drell,F,,,34:24,0.5,0.5,0.556,0.0,0.333,0.222,0.056,0.111,0.556,0.4,0.6,0.5,0.5,0.429,0.571,2022200296,2025-08-10T09:53:26.485134,BoxScoreScoringV3
2022200296,1612709923,Windy City,Bulls,WCB,bulls,1630187.0,Daniel,Oturu,D. Oturu,daniel-oturu,C,,,26:57,0.923,0.077,0.947,0.105,0.0,0.0,0.053,0.211,0.842,0.778,0.222,0.0,0.0,0.778,0.222,2022200296,2025-08-10T09:53:26.485134,BoxScoreScoringV3
2022200296,1612709923,Windy City,Bulls,WCB,bulls,202951.0,Jeremy,Pargo,J. Pargo,jeremy-pargo,G,,,30:26,0.5,0.5,0.429,0.0,0.429,0.214,0.071,0.214,0.429,0.0,1.0,1.0,0.0,0.4,0.6,2022200296,2025-08-10T09:53:26.485134,BoxScoreScoringV3
2022200296,1612709923,Windy City,Bulls,WCB,bulls,1630637.0,Carlik,Jones,C. Jones,carlik-jones,G,,,40:45,0.76,0.24,0.643,0.071,0.107,0.0,0.179,0.107,0.571,0.111,0.889,1.0,0.0,0.2,0.8,2022200296,2025-08-10T09:53:26.485134,BoxScoreScoringV3
2022200296,1612709923,Windy City,Bulls,WCB,bulls,1626272.0,Lazeric,Jones,L. Jones,lazeric-jones,,,,21:44,0.2,0.8,0.0,0.0,0.6,0.0,0.2,0.0,0.0,0.0,0.0,1.0,0.0,1.0,0.0,2022200296,2025-08-10T09:53:26.485134,BoxScoreScoringV3
2022200296,1612709923,Windy City,Bulls,WCB,bulls,1631408.0,Ben,Coupet Jr.,B. Coupet Jr.,ben-coupet-jr,,,,25:13,0.5,0.5,0.4,0.0,0.6,0.0,0.0,0.3,0.4,1.0,0.0,1.0,0.0,1.0,0.0,2022200296,2025-08-10T09:53:26.485134,BoxScoreScoringV3
2022200296,1612709923,Windy City,Bulls,WCB,bulls,1630250.0,Marko,Simonovic,M. Simonovic,marko-simonovic,,,,18:33,0.429,0.571,0.667,0.0,0.333,0.333,0.0,0.444,0.667,1.0,0.0,1.0,0.0,1.0,0.0,2022200296,2025-08-10T09:53:26.485134,BoxScoreScoringV3
2022200296,1612709923,Windy City,Bulls,WCB,bulls,1629666.0,Charles,Matthews,C. Matthews,charles-matthews,,,,9:28,0.333,0.667,0.0,0.0,0.0,0.0,0.0,0.0,0.0,0.0,0.0,0.0,0.0,0.0,0.0,2022200296,2025-08-10T09:53:26.485134,BoxScoreScoringV3
2022200296,1612709923,Windy City,Bulls,WCB,bulls,1631448.0,Maurice,Calloo,M. Calloo,maurice-calloo,,DNP - Coach's Decision,,,0.0,0.0,0.0,0.0,0.0,0.0,0.0,0.0,0.0,0.0,0.0,0.0,0.0,0.0,0.0,2022200296,2025-08-10T09:53:26.485134,BoxScoreScoringV3
2022200296,1612709923,Windy City,Bulls,WCB,bulls,,,,,,,,,240:00,0.625,0.375,0.632,0.035,0.237,0.123,0.088,0.167,0.596,0.556,0.444,0.889,0.111,0.622,0.378,2022200296,2025-08-10T09:53:26.485134,BoxScoreScoringV3
2022200296,1612709920,Raptors,905,RAP,905,,,,,,,,,240:00,0.564,0.436,0.564,0.018,0.355,0.191,0.055,0.118,0.545,0.484,0.516,0.923,0.077,0.614,0.386,2022200296,2025-08-10T09:53:26.485134,BoxScoreScoringV3
2022200282,1612709927,Wisconsin,Herd,WIS,herd,1630190.0,Elijah,Hughes,E. Hughes,elijah-hughes,F,,,42:00,0.2,0.8,0.167,0.0,0.75,0.0,0.083,0.167,0.167,0.0,1.0,1.0,0.0,0.75,0.25,2022200282,2025-08-10T09:53:50.239162,BoxScoreScoringV3
2022200282,1612709927,Wisconsin,Herd,WIS,herd,1628993.0,Alize,Johnson,A. Johnson,alize-johnson,F,,,37:45,1.0,0.0,0.72,0.0,0.0,0.0,0.16,0.0,0.72,0.222,0.778,0.0,0.0,0.222,0.778,2022200282,2025-08-10T09:53:50.239162,BoxScoreScoringV3
2022200282,1612709927,Wisconsin,Herd,WIS,herd,1628238.0,Paris,Bass,P. Bass,paris-bass,C,,,35:29,0.786,0.214,0.556,0.111,0.167,0.0,0.167,0.0,0.444,0.4,0.6,1.0,0.0,0.5,0.5,2022200282,2025-08-10T09:53:50.239162,BoxScoreScoringV3
2022200282,1612709927,Wisconsin,Herd,WIS,herd,1630306.0,Rob,Edwards,R. Edwards,rob-edwards,G,,,37:28,0.273,0.727,0.231,0.0,0.462,0.0,0.154,0.154,0.231,0.0,1.0,0.75,0.25,0.429,0.571,2022200282,2025-08-10T09:53:50.239162,BoxScoreScoringV3
2022200282,1612709927,Wisconsin,Herd,WIS,herd,1629623.0,Lindell,Wigginton,L. Wigginton,lindell-wigginton,G,,,37:40,0.4,0.6,0.118,0.0,0.529,0.0,0.176,0.294,0.118,0.0,1.0,0.667,0.333,0.5,0.5,2022200282,2025-08-10T09:53:50.239162,BoxScoreScoringV3
2022200282,1612709927,Wisconsin,Herd,WIS,herd,1629007.0,Jontay,Porter,J. Porter,jontay-porter,,,,17:31,0.2,0.8,0.0,0.0,0.0,0.0,0.0,0.0,0.0,0.0,0.0,0.0,0.0,0.0,0.0,2022200282,2025-08-10T09:53:50.239162,BoxScoreScoringV3
2022200282,1612709927,Wisconsin,Herd,WIS,herd,1630828.0,Alex,Antetokounmpo,A. Antetokounmpo,alex-antetokounmpo,,,,21:49,0.333,0.667,0.0,0.0,0.0,0.0,0.0,0.0,0.0,0.0,0.0,0.0,0.0,0.0,0.0,2022200282,2025-08-10T09:53:50.239162,BoxScoreScoringV3
2022200282,1612709927,Wisconsin,Herd,WIS,herd,1630340.0,Jaire,Grayer,J. Grayer,jaire-grayer,,,,10:18,0.833,0.167,0.4,0.0,0.6,0.0,0.0,0.0,0.4,1.0,0.0,1.0,0.0,1.0,0.0,2022200282,2025-08-10T09:53:50.239162,BoxScoreScoringV3
2022200282,1612709927,Wisconsin,Herd,WIS,herd,1631260.0,AJ,Green,A. Green,aj-green,,DNP - Coach's Decision,,,0.0,0.0,0.0,0.0,0.0,0.0,0.0,0.0,0.0,0.0,0.0,0.0,0.0,0.0,0.0,2022200282,2025-08-10T09:53:50.239162,BoxScoreScoringV3
2022200282,1612709927,Wisconsin,Herd,WIS,herd,1630572.0,Sandro,Mamukelashvili,S. Mamukelashvili,sandro-mamukelashvili,,DNP - Coach's Decision,,,0.0,0.0,0.0,0.0,0.0,0.0,0.0,0.0,0.0,0.0,0.0,0.0,0.0,0.0,0.0,2022200282,2025-08-10T09:53:50.239162,BoxScoreScoringV3
2022200282,1612709893,Cleveland,Charge,CLC,charge,1630207.0,Nate,Hinton,N. Hinton,nate-hinton,F,,,38:32,0.333,0.667,0.211,0.0,0.789,0.0,0.0,0.105,0.211,0.5,0.5,1.0,0.0,0.857,0.143,2022200282,2025-08-10T09:53:50.239162,BoxScoreScoringV3
2022200282,1612709893,Cleveland,Charge,CLC,charge,1630691.0,Jamorko,Pickett,J. Pickett,jamorko-pickett,F,,,40:06,0.556,0.444,0.467,0.0,0.4,0.033,0.1,0.267,0.467,0.429,0.571,1.0,0.0,0.636,0.364,2022200282,2025-08-10T09:53:50.239162,BoxScoreScoringV3
2022200282,1612709893,Cleveland,Charge,CLC,charge,1629603.0,Mamadi,Diakite,M. Diakite,mamadi-diakite,C,,,32:42,0.667,0.333,0.783,0.087,0.13,0.0,0.043,0.261,0.696,0.889,0.111,0.0,1.0,0.8,0.2,2022200282,2025-08-10T09:53:50.239162,BoxScoreScoringV3
2022200282,1612709893,Cleveland,Charge,CLC,charge,1630241.0,Sam,Merrill,S. Merrill,sam-merrill,G,,,29:08,0.286,0.714,0.1,0.0,0.9,0.0,0.0,0.15,0.1,0.0,1.0,0.667,0.333,0.571,0.429,2022200282,2025-08-10T09:53:50.239162,BoxScoreScoringV3
2022200282,1612709893,Cleveland,Charge,CLC,charge,1630536.0,Sharife,Cooper,S. Cooper,sharife-cooper,G,,,24:13,0.778,0.222,0.588,0.0,0.176,0.0,0.118,0.353,0.588,0.2,0.8,1.0,0.0,0.333,0.667,2022200282,2025-08-10T09:53:50.239162,BoxScoreScoringV3
2022200282,1612709893,Cleveland,Charge,CLC,charge,1626173.0,Rashad,Vaughn,R. Vaughn,rashad-vaughn,,,,18:33,0.667,0.333,1.0,0.5,0.0,0.0,0.0,0.0,0.5,0.5,0.5,0.0,0.0,0.5,0.5,2022200282,2025-08-10T09:53:50.239162,BoxScoreScoringV3
2022200282,1612709893,Cleveland,Charge,CLC,charge,1631341.0,Chandler,Vaudrin,C. Vaudrin,chandler-vaudrin,,,,33:39,0.4,0.6,0.545,0.182,0.273,0.0,0.091,0.182,0.364,0.333,0.667,1.0,0.0,0.5,0.5,2022200282,2025-08-10T09:53:50.239162,BoxScoreScoringV3
2022200282,1612709893,Cleveland,Charge,CLC,charge,1631436.0,Gabe,Osabuohien,G. Osabuohien,gabe-osabuohien,,,,15:18,0.0,0.0,0.0,0.0,0.0,0.0,0.0,0.0,0.0,0.0,0.0,0.0,0.0,0.0,0.0,2022200282,2025-08-10T09:53:50.239162,BoxScoreScoringV3
2022200282,1612709893,Cleveland,Charge,CLC,charge,1630771.0,Blake,Francis,B. Francis,blake-francis,,,,7:49,0.0,1.0,0.0,0.0,0.0,0.0,0.5,0.0,0.0,0.0,0.0,0.0,0.0,0.0,0.0,2022200282,2025-08-10T09:53:50.239162,BoxScoreScoringV3
2022200282,1612709893,Cleveland,Charge,CLC,charge,1630824.0,Jermaine,Haley,J. Haley,jermaine-haley,,DNP - Coach's Decision,,,0.0,0.0,0.0,0.0,0.0,0.0,0.0,0.0,0.0,0.0,0.0,0.0,0.0,0.0,0.0,2022200282,2025-08-10T09:53:50.239162,BoxScoreScoringV3
2022200282,1612709893,Cleveland,Charge,CLC,charge,,,,,,,,,240:00,0.505,0.495,0.453,0.047,0.422,0.008,0.07,0.211,0.406,0.517,0.483,0.833,0.167,0.638,0.362,2022200282,2025-08-10T09:53:50.239162,BoxScoreScoringV3
2022200282,1612709927,Wisconsin,Herd,WIS,herd,,,,,,,,,240:00,0.517,0.483,0.35,0.017,0.375,0.0,0.15,0.133,0.333,0.238,0.762,0.8,0.2,0.472,0.528,2022200282,2025-08-10T09:53:50.239162,BoxScoreScoringV3
2022300502,1612709915,Maine,Celtics,MNE,celtics,1641775.0,Jordan,Walsh,J. Walsh,jordan-walsh,F,,,31:04,0.538,0.462,0.273,0.0,0.409,0.136,0.182,0.136,0.273,0.333,0.667,1.0,0.0,0.667,0.333,2022300502,2025-08-10T09:53:57.515068,BoxScoreScoringV3
2022300502,1612709915,Maine,Celtics,MNE,celtics,1641809.0,Drew,Peterson,D. Peterson,drew-peterson,F,,,39:35,0.625,0.375,0.4,0.1,0.3,0.0,0.2,0.1,0.3,0.25,0.75,0.5,0.5,0.333,0.667,2022300502,2025-08-10T09:53:57.515068,BoxScoreScoringV3
2022300502,1612709915,Maine,Celtics,MNE,celtics,1629674.0,Neemias,Queta,N. Queta,neemias-queta,C,,,26:04,1.0,0.0,1.0,0.111,0.0,0.0,0.0,0.0,0.889,0.667,0.333,0.0,0.0,0.667,0.333,2022300502,2025-08-10T09:53:57.515068,BoxScoreScoringV3
2022300502,1612709915,Maine,Celtics,MNE,celtics,1630580.0,Joe,Wieskamp,J. Wieskamp,joe-wieskamp,G,,,34:43,0.5,0.5,0.462,0.0,0.346,0.154,0.115,0.077,0.462,0.5,0.5,1.0,0.0,0.667,0.333,2022300502,2025-08-10T09:53:57.515068,BoxScoreScoringV3
2022300502,1612709915,Maine,Celtics,MNE,celtics,1641992.0,Donald,Carey,D. Carey,donald-carey,G,,,20:00,0.333,0.667,0.0,0.0,1.0,0.5,0.0,0.5,0.0,0.0,0.0,1.0,0.0,1.0,0.0,2022300502,2025-08-10T09:53:57.515068,BoxScoreScoringV3
2022300502,1612709915,Maine,Celtics,MNE,celtics,1641994.0,Brandon,Slater,B. Slater,brandon-slater,,,,26:26,0.5,0.5,0.444,0.0,0.333,0.0,0.111,0.222,0.444,0.5,0.5,1.0,0.0,0.667,0.333,2022300502,2025-08-10T09:53:57.515068,BoxScoreScoringV3
2022300502,1612709915,Maine,Celtics,MNE,celtics,203503.0,Tony,Snell,T. Snell,tony-snell,,,,18:34,0.5,0.5,0.4,0.4,0.6,0.0,0.0,0.0,0.0,1.0,0.0,1.0,0.0,1.0,0.0,2022300502,2025-08-10T09:53:57.515068,BoxScoreScoringV3
2022300502,1612709915,Maine,Celtics,MNE,celtics,1630045.0,Jared,Wilson-Frame,J. Wilson-Frame,jared-wilson-frame,,,,27:24,0.364,0.636,0.4,0.2,0.6,0.0,0.0,0.3,0.2,0.5,0.5,0.5,0.5,0.5,0.5,2022300502,2025-08-10T09:53:57.515068,BoxScoreScoringV3
2022300502,1612709915,Maine,Celtics,MNE,celtics,203816.0,Scotty,Hopson,S. Hopson,scotty-hopson,,,,11:02,0.75,0.25,1.0,0.0,0.0,0.0,0.0,0.0,1.0,0.667,0.333,0.0,0.0,0.667,0.333,2022300502,2025-08-10T09:53:57.515068,BoxScoreScoringV3
2022300502,1612709915,Maine,Celtics,MNE,celtics,1630318.0,Jordan,Jackson,J. Jackson,jordan-jackson,,,,5:08,0.0,1.0,0.0,0.0,0.0,0.0,0.0,0.0,0.0,0.0,0.0,0.0,0.0,0.0,0.0,2022300502,2025-08-10T09:53:57.515068,BoxScoreScoringV3
2022300502,1612709929,College Park,Skyhawks,CPS,skyhawks,1641934.0,David,Singleton,D. Singleton,david-singleton,F,,,9:34,0.0,1.0,0.0,0.0,0.0,0.0,0.0,0.0,0.0,0.0,0.0,0.0,0.0,0.0,0.0,2022300502,2025-08-10T09:53:57.515068,BoxScoreScoringV3
2022300502,1612709929,College Park,Skyhawks,CPS,skyhawks,1641936.0,Miles,Norris,M. Norris,miles-norris,F,,,37:38,0.286,0.714,0.222,0.0,0.333,0.222,0.222,0.222,0.222,1.0,0.0,1.0,0.0,1.0,0.0,2022300502,2025-08-10T09:53:57.515068,BoxScoreScoringV3
2022300502,1612709929,College Park,Skyhawks,CPS,skyhawks,1629735.0,Chris,Silva,C. Silva,chris-silva,C,,,19:32,0.875,0.125,0.429,0.143,0.0,0.0,0.357,0.214,0.286,0.333,0.667,0.0,0.0,0.333,0.667,2022300502,2025-08-10T09:53:57.515068,BoxScoreScoringV3
2022300502,1612709929,College Park,Skyhawks,CPS,skyhawks,1630623.0,Tyson,Etienne,T. Etienne,tyson-etienne,G,,,28:19,0.444,0.556,0.571,0.0,0.429,0.429,0.0,0.429,0.571,0.0,1.0,1.0,0.0,0.333,0.667,2022300502,2025-08-10T09:53:57.515068,BoxScoreScoringV3
2022300502,1612709929,College Park,Skyhawks,CPS,skyhawks,1641754.0,Seth,Lundy,S. Lundy,seth-lundy,G,,,33:11,0.5,0.5,0.467,0.133,0.5,0.1,0.033,0.167,0.333,0.429,0.571,1.0,0.0,0.667,0.333,2022300502,2025-08-10T09:53:57.515068,BoxScoreScoringV3
2022300502,1612709929,College Park,Skyhawks,CPS,skyhawks,1630275.0,Jordan,Bowden,J. Bowden,jordan-bowden,,,,27:23,0.4,0.6,0.286,0.143,0.536,0.0,0.071,0.179,0.143,0.75,0.25,1.0,0.0,0.889,0.111,2022300502,2025-08-10T09:53:57.515068,BoxScoreScoringV3
2022300502,1612709929,College Park,Skyhawks,CPS,skyhawks,1629801.0,Brandon,Randolph,B. Randolph,brandon-randolph,,,,22:12,0.818,0.182,0.625,0.125,0.188,0.125,0.125,0.0,0.5,0.6,0.4,1.0,0.0,0.667,0.333,2022300502,2025-08-10T09:53:57.515068,BoxScoreScoringV3
2022300502,1612709929,College Park,Skyhawks,CPS,skyhawks,1630312.0,Robert,Baker,R. Baker,robert-baker,,,,25:51,0.667,0.333,0.636,0.091,0.273,0.0,0.091,0.227,0.545,0.857,0.143,1.0,0.0,0.889,0.111,2022300502,2025-08-10T09:53:57.515068,BoxScoreScoringV3
2022300502,1612709929,College Park,Skyhawks,CPS,skyhawks,1641935.0,Jarkel,Joiner,J. Joiner,jarkel-joiner,,,,26:26,0.5,0.5,0.0,0.0,0.0,0.0,1.0,0.0,0.0,0.0,0.0,0.0,0.0,0.0,0.0,2022300502,2025-08-10T09:53:57.515068,BoxScoreScoringV3
2022300502,1612709929,College Park,Skyhawks,CPS,skyhawks,1642044.0,Emmitt,"Matthews, Jr.","E. Matthews, Jr.","emmitt-matthews,-jr",,,,5:59,0.5,0.5,1.0,0.0,0.0,0.0,0.0,0.0,1.0,0.0,1.0,0.0,0.0,0.0,1.0,2022300502,2025-08-10T09:53:57.515068,BoxScoreScoringV3
2022300502,1612709929,College Park,Skyhawks,CPS,skyhawks,1641812.0,Spencer,Rodgers,S. Rodgers,spencer-rodgers,,,,3:56,0.0,0.0,0.0,0.0,0.0,0.0,0.0,0.0,0.0,0.0,0.0,0.0,0.0,0.0,0.0,2022300502,2025-08-10T09:53:57.515068,BoxScoreScoringV3
2022300502,1612709929,College Park,Skyhawks,CPS,skyhawks,,,,,,,,,240:00,0.543,0.457,0.455,0.106,0.341,0.076,0.136,0.174,0.348,0.567,0.433,1.0,0.0,0.711,0.289,2022300502,2025-08-10T09:53:57.515068,BoxScoreScoringV3
2022300502,1612709915,Maine,Celtics,MNE,celtics,,,,,,,,,240:00,0.596,0.404,0.492,0.066,0.344,0.082,0.098,0.123,0.426,0.533,0.467,0.857,0.143,0.636,0.364,2022300502,2025-08-10T09:53:57.515068,BoxScoreScoringV3
1022001024,1611661321,Dallas,Wings,DAL,wings,1630149.0,Satou,Sabally,S. Sabally,satou-sabally,F,,,28:12,0.6,0.4,0.6,0.0,0.0,0.0,0.4,0.4,0.6,0.333,0.667,0.0,0.0,0.333,0.667,1022001024,2025-08-10T09:54:15.825279,BoxScoreScoringV3
1022001024,1611661321,Dallas,Wings,DAL,wings,203866.0,Kayla,Thornton,K. Thornton,kayla-thornton,F,,,26:39,0.25,0.75,0.25,0.0,0.75,0.25,0.0,0.25,0.25,0.0,1.0,1.0,0.0,0.667,0.333,1022001024,2025-08-10T09:54:15.825279,BoxScoreScoringV3
1022001024,1611661321,Dallas,Wings,DAL,wings,203838.0,Astou,Ndour-Fall,A. Ndour-Fall,astou-ndour-fall,C,,,20:20,0.5,0.5,0.667,0.222,0.333,0.0,0.0,0.0,0.444,0.333,0.667,1.0,0.0,0.5,0.5,1022001024,2025-08-10T09:54:15.825279,BoxScoreScoringV3
1022001024,1611661321,Dallas,Wings,DAL,wings,1629481.0,Arike,Ogunbowale,A. Ogunbowale,arike-ogunbowale,G,,,31:59,0.773,0.227,1.0,0.3,0.0,0.1,0.0,0.2,0.7,0.2,0.8,0.0,0.0,0.2,0.8,1022001024,2025-08-10T09:54:15.825279,BoxScoreScoringV3
1022001024,1611661321,Dallas,Wings,DAL,wings,1627669.0,Moriah,Jefferson,M. Jefferson,moriah-jefferson,G,,,19:48,1.0,0.0,0.667,0.0,0.0,0.444,0.333,0.222,0.667,0.667,0.333,0.0,0.0,0.667,0.333,1022001024,2025-08-10T09:54:15.825279,BoxScoreScoringV3
1022001024,1611661321,Dallas,Wings,DAL,wings,1628277.0,Allisha,Gray,A. Gray,allisha-gray,,,,16:53,0.5,0.5,1.0,0.0,0.0,0.0,0.0,0.0,1.0,0.0,1.0,0.0,0.0,0.0,1.0,1022001024,2025-08-10T09:54:15.825279,BoxScoreScoringV3
1022001024,1611661321,Dallas,Wings,DAL,wings,1630112.0,Tyasha,Harris,T. Harris,tyasha-harris,,,,17:15,0.5,0.5,0.667,0.0,0.0,0.0,0.333,0.667,0.667,0.0,1.0,0.0,0.0,0.0,1.0,1022001024,2025-08-10T09:54:15.825279,BoxScoreScoringV3
1022001024,1611661321,Dallas,Wings,DAL,wings,204330.0,Isabelle,Harrison,I. Harrison,isabelle-harrison,,,,3:55,1.0,0.0,0.0,0.0,0.0,0.0,0.0,0.0,0.0,0.0,0.0,0.0,0.0,0.0,0.0,1022001024,2025-08-10T09:54:15.825279,BoxScoreScoringV3
1022001024,1611661321,Dallas,Wings,DAL,wings,1629478.0,Katie Lou,Samuelson,K. Samuelson,katie-lou-samuelson,,,,16:17,0.429,0.571,0.4,0.0,0.6,0.4,0.0,0.4,0.4,1.0,0.0,1.0,0.0,1.0,0.0,1022001024,2025-08-10T09:54:15.825279,BoxScoreScoringV3
1022001024,1611661321,Dallas,Wings,DAL,wings,1630093.0,Bella,Alarie,B. Alarie,bella-alarie,,,,15:45,0.5,0.5,0.5,0.0,0.0,0.0,0.5,0.0,0.5,0.0,1.0,0.0,0.0,0.0,1.0,1022001024,2025-08-10T09:54:15.825279,BoxScoreScoringV3
1022001024,1611661321,Dallas,Wings,DAL,wings,1629497.0,Marina,Mabrey,M. Mabrey,marina-mabrey,,,,2:57,0.0,0.0,0.0,0.0,0.0,0.0,0.0,0.0,0.0,0.0,0.0,0.0,0.0,0.0,0.0,1022001024,2025-08-10T09:54:15.825279,BoxScoreScoringV3
1022001024,1611661321,Dallas,Wings,DAL,wings,1629484.0,Megan,Gustafson,M. Gustafson,megan-gustafson,,DNP - Coach's Decision,,,0.0,0.0,0.0,0.0,0.0,0.0,0.0,0.0,0.0,0.0,0.0,0.0,0.0,0.0,0.0,1022001024,2025-08-10T09:54:15.825279,BoxScoreScoringV3
1022001024,1611661319,Las Vegas,Aces,LVA,aces,201881.0,Angel,McCoughtry,A. McCoughtry,angel-mccoughtry,F,,,15:25,0.75,0.25,0.5,0.0,0.0,0.5,0.5,0.5,0.5,0.0,1.0,0.0,0.0,0.0,1.0,1022001024,2025-08-10T09:54:15.825279,BoxScoreScoringV3
1022001024,1611661319,Las Vegas,Aces,LVA,aces,1628932.0,A'ja,Wilson,A. Wilson,aja-wilson,F,,,31:21,1.0,0.0,0.737,0.211,0.0,0.0,0.263,0.105,0.526,0.714,0.286,0.0,0.0,0.714,0.286,1022001024,2025-08-10T09:54:15.825279,BoxScoreScoringV3
1022001024,1611661319,Las Vegas,Aces,LVA,aces,202670.0,Carolyn,Swords,C. Swords,carolyn-swords,C,,,20:07,1.0,0.0,0.857,0.286,0.0,0.0,0.143,0.0,0.571,0.667,0.333,0.0,0.0,0.667,0.333,1022001024,2025-08-10T09:54:15.825279,BoxScoreScoringV3
1022001024,1611661319,Las Vegas,Aces,LVA,aces,203825.0,Kayla,McBride,K. McBride,kayla-mcbride,G,,,31:38,0.375,0.625,0.545,0.364,0.273,0.273,0.182,0.364,0.182,0.667,0.333,1.0,0.0,0.75,0.25,1022001024,2025-08-10T09:54:15.825279,BoxScoreScoringV3
1022001024,1611661319,Las Vegas,Aces,LVA,aces,1628263.0,Lindsay,Allen,L. Allen,lindsay-allen,G,,,24:54,0.75,0.25,0.545,0.364,0.273,0.0,0.182,0.182,0.182,0.333,0.667,1.0,0.0,0.5,0.5,1022001024,2025-08-10T09:54:15.825279,BoxScoreScoringV3
1022001024,1611661319,Las Vegas,Aces,LVA,aces,204324.0,Dearica,Hamby,D. Hamby,dearica-hamby,,,,28:32,0.625,0.375,0.6,0.0,0.0,0.2,0.4,0.1,0.6,0.667,0.333,0.0,0.0,0.667,0.333,1022001024,2025-08-10T09:54:15.825279,BoxScoreScoringV3
1022001024,1611661319,Las Vegas,Aces,LVA,aces,1629498.0,Jackie,Young,J. Young,jackie-young,,,,25:38,0.75,0.25,0.2,0.0,0.3,0.2,0.5,0.0,0.2,0.0,1.0,1.0,0.0,0.5,0.5,1022001024,2025-08-10T09:54:15.825279,BoxScoreScoringV3
1022001024,1611661319,Las Vegas,Aces,LVA,aces,203411.0,Sugar,Rodgers,S. Rodgers,sugar-rodgers,,,,7:19,0.0,1.0,0.0,0.0,0.0,0.0,0.0,0.0,0.0,0.0,0.0,0.0,0.0,0.0,0.0,1022001024,2025-08-10T09:54:15.825279,BoxScoreScoringV3
1022001024,1611661319,Las Vegas,Aces,LVA,aces,202658.0,Danielle,Robinson,D. Robinson,danielle-robinson,,,,15:06,0.8,0.2,0.857,0.286,0.0,0.0,0.143,0.0,0.571,0.667,0.333,0.0,0.0,0.667,0.333,1022001024,2025-08-10T09:54:15.825279,BoxScoreScoringV3
1022001024,1611661319,Las Vegas,Aces,LVA,aces,204332.0,Cierra,Burdick,C. Burdick,cierra-burdick,,DNP - Coach's Decision,,,0.0,0.0,0.0,0.0,0.0,0.0,0.0,0.0,0.0,0.0,0.0,0.0,0.0,0.0,0.0,1022001024,2025-08-10T09:54:15.825279,BoxScoreScoringV3
1022001024,1611661319,Las Vegas,Aces,LVA,aces,203069.0,Avery,Warley-Talbert,A. Warley-Talbert,avery-warley-talbert,,DNP - Coach's Decision,,,0.0,0.0,0.0,0.0,0.0,0.0,0.0,0.0,0.0,0.0,0.0,0.0,0.0,0.0,0.0,1022001024,2025-08-10T09:54:15.825279,BoxScoreScoringV3
1022001024,1611661319,Las Vegas,Aces,LVA,aces,,,,,,,,,200:00,0.774,0.226,0.608,0.203,0.114,0.114,0.278,0.139,0.405,0.583,0.417,1.0,0.0,0.63,0.37,1022001024,2025-08-10T09:54:15.825279,BoxScoreScoringV3
1022001024,1611661321,Dallas,Wings,DAL,wings,,,,,,,,,200:00,0.605,0.395,0.686,0.114,0.171,0.143,0.143,0.229,0.571,0.292,0.708,1.0,0.0,0.393,0.607,1022001024,2025-08-10T09:54:15.825279,BoxScoreScoringV3
2022400366,1612709919,Westchester,Knicks,WES,knicks,1629643.0,Chuma,Okeke,C. Okeke,chuma-okeke,F,,,37:29,0.375,0.625,0.0,0.0,0.857,0.0,0.143,0.0,0.0,0.0,0.0,0.75,0.25,0.75,0.25,2022400366,2025-08-10T09:54:38.225950,BoxScoreScoringV3
2022400366,1612709919,Westchester,Knicks,WES,knicks,1629650.0,Moses,Brown,M. Brown,moses-brown,F,,,40:17,1.0,0.0,0.643,0.0,0.0,0.0,0.214,0.179,0.643,0.444,0.556,0.0,0.0,0.444,0.556,2022400366,2025-08-10T09:54:38.225950,BoxScoreScoringV3
2022400366,1612709919,Westchester,Knicks,WES,knicks,203933.0,T.J.,Warren,T. Warren,tj-warren,C,,,33:36,0.444,0.556,0.353,0.118,0.176,0.0,0.412,0.118,0.235,1.0,0.0,1.0,0.0,1.0,0.0,2022400366,2025-08-10T09:54:38.225950,BoxScoreScoringV3
2022400366,1612709919,Westchester,Knicks,WES,knicks,1641755.0,Kevin,McCullar Jr.,K. McCullar Jr.,kevin-mccullar-jr,G,,,37:11,0.643,0.357,0.381,0.095,0.429,0.0,0.095,0.0,0.286,0.25,0.75,0.667,0.333,0.429,0.571,2022400366,2025-08-10T09:54:38.225950,BoxScoreScoringV3
2022400366,1612709919,Westchester,Knicks,WES,knicks,1642486.0,Boo,Buie III,B. Buie III,boo-buie-iii,G,,,9:50,0.5,0.5,1.0,0.0,0.0,0.0,0.0,0.0,1.0,1.0,0.0,0.0,0.0,1.0,0.0,2022400366,2025-08-10T09:54:38.225950,BoxScoreScoringV3
2022400366,1612709919,Westchester,Knicks,WES,knicks,1631098.0,Johnny,Davis,J. Davis,johnny-davis,,,,25:11,0.833,0.167,1.0,0.2,0.0,0.4,0.0,0.4,0.8,0.2,0.8,0.0,0.0,0.2,0.8,2022400366,2025-08-10T09:54:38.225950,BoxScoreScoringV3
2022400366,1612709919,Westchester,Knicks,WES,knicks,1641924.0,Jamal,Bey,J. Bey,jamal-bey,,,,21:53,0.6,0.4,1.0,0.0,0.0,0.0,0.0,0.0,1.0,0.0,1.0,0.0,0.0,0.0,1.0,2022400366,2025-08-10T09:54:38.225950,BoxScoreScoringV3
2022400366,1612709919,Westchester,Knicks,WES,knicks,1630733.0,Jordan,Tucker,J. Tucker,jordan-tucker,,,,20:09,0.0,1.0,0.0,0.0,0.692,0.0,0.154,0.231,0.0,0.0,0.0,0.667,0.333,0.667,0.333,2022400366,2025-08-10T09:54:38.225950,BoxScoreScoringV3
2022400366,1612709919,Westchester,Knicks,WES,knicks,1631499.0,Alex,O'Connell,A. O'Connell,alex-oconnell,,,,14:24,0.0,1.0,0.0,0.0,0.0,0.0,0.5,0.0,0.0,0.0,0.0,0.0,0.0,0.0,0.0,2022400366,2025-08-10T09:54:38.225950,BoxScoreScoringV3
2022400366,1612709919,Westchester,Knicks,WES,knicks,1641830.0,Abdullah,Ahmed,A. Ahmed,abdullah-ahmed,,DNP - Coach's Decision,,,0.0,0.0,0.0,0.0,0.0,0.0,0.0,0.0,0.0,0.0,0.0,0.0,0.0,0.0,0.0,2022400366,2025-08-10T09:54:38.225950,BoxScoreScoringV3
2022400366,1612709919,Westchester,Knicks,WES,knicks,1642028.0,Kaiden,Rice,K. Rice,kaiden-rice,,DNP - Coach's Decision,,,0.0,0.0,0.0,0.0,0.0,0.0,0.0,0.0,0.0,0.0,0.0,0.0,0.0,0.0,0.0,2022400366,2025-08-10T09:54:38.225950,BoxScoreScoringV3
2022400366,1612709919,Westchester,Knicks,WES,knicks,1631210.0,Jacob,Toppin,J. Toppin,jacob-toppin,,DNP - Coach's Decision,,,0.0,0.0,0.0,0.0,0.0,0.0,0.0,0.0,0.0,0.0,0.0,0.0,0.0,0.0,0.0,2022400366,2025-08-10T09:54:38.225950,BoxScoreScoringV3
2022400366,1612709890,Austin,Spurs,AUS,spurs,1631127.0,Harrison,Ingram,H. Ingram,harrison-ingram,F,,,39:41,0.5,0.5,0.571,0.0,0.429,0.143,0.0,0.0,0.571,0.25,0.75,1.0,0.0,0.5,0.5,2022400366,2025-08-10T09:54:38.225950,BoxScoreScoringV3
2022400366,1612709890,Austin,Spurs,AUS,spurs,1642755.0,Kyle,Rode,K. Rode,kyle-rode,F,,,28:27,0.125,0.875,0.182,0.0,0.818,0.0,0.0,0.0,0.182,1.0,0.0,1.0,0.0,1.0,0.0,2022400366,2025-08-10T09:54:38.225950,BoxScoreScoringV3
2022400366,1612709890,Austin,Spurs,AUS,spurs,1642496.0,Ibrahima,Diallo,I. Diallo,ibrahima-diallo,C,,,39:50,1.0,0.0,1.0,0.0,0.0,0.0,0.0,0.0,1.0,0.667,0.333,0.0,0.0,0.667,0.333,2022400366,2025-08-10T09:54:38.225950,BoxScoreScoringV3
2022400366,1612709890,Austin,Spurs,AUS,spurs,1630561.0,David,Duke Jr.,D. Duke Jr.,david-duke-jr,G,,,41:45,0.5,0.5,0.375,0.063,0.469,0.0,0.094,0.188,0.313,0.167,0.833,0.8,0.2,0.455,0.545,2022400366,2025-08-10T09:54:38.225950,BoxScoreScoringV3
2022400366,1612709890,Austin,Spurs,AUS,spurs,1642392.0,Jameer,Nelson Jr.,J. Nelson Jr.,jameer-nelson-jr,G,,,32:39,0.533,0.467,0.632,0.105,0.158,0.0,0.105,0.263,0.526,0.167,0.833,1.0,0.0,0.286,0.714,2022400366,2025-08-10T09:54:38.225950,BoxScoreScoringV3
2022400366,1612709890,Austin,Spurs,AUS,spurs,1641988.0,Luke,Avdalovic,L. Avdalovic,luke-avdalovic,,,,27:07,0.286,0.714,0.25,0.25,0.75,0.375,0.0,0.625,0.0,1.0,0.0,1.0,0.0,1.0,0.0,2022400366,2025-08-10T09:54:38.225950,BoxScoreScoringV3
2022400366,1612709890,Austin,Spurs,AUS,spurs,1629051.0,Quinton,Rose,Q. Rose,quinton-rose,,,,25:24,0.583,0.417,1.0,0.0,0.0,0.0,0.0,0.0,1.0,0.25,0.75,0.0,0.0,0.25,0.75,2022400366,2025-08-10T09:54:38.225950,BoxScoreScoringV3
2022400366,1612709890,Austin,Spurs,AUS,spurs,1642684.0,Tray,Jackson,T. Jackson,tray-jackson,,,,5:07,1.0,0.0,0.8,0.0,0.0,0.4,0.2,0.6,0.8,0.0,1.0,0.0,0.0,0.0,1.0,2022400366,2025-08-10T09:54:38.225950,BoxScoreScoringV3
2022400366,1612709890,Austin,Spurs,AUS,spurs,1631123.0,Jamaree,Bouyea,J. Bouyea,jamaree-bouyea,,DNP - Coach's Decision,,,0.0,0.0,0.0,0.0,0.0,0.0,0.0,0.0,0.0,0.0,0.0,0.0,0.0,0.0,0.0,2022400366,2025-08-10T09:54:38.225950,BoxScoreScoringV3
2022400366,1612709890,Austin,Spurs,AUS,spurs,1642434.0,Riley,Minix,R. Minix,riley-minix,,DND - Injury/Illness,,,0.0,0.0,0.0,0.0,0.0,0.0,0.0,0.0,0.0,0.0,0.0,0.0,0.0,0.0,0.0,2022400366,2025-08-10T09:54:38.225950,BoxScoreScoringV3
2022400366,1612709890,Austin,Spurs,AUS,spurs,1642563.0,Osayi,Osifo,O. Osifo,osayi-osifo,,DND - Injury/Illness,,,0.0,0.0,0.0,0.0,0.0,0.0,0.0,0.0,0.0,0.0,0.0,0.0,0.0,0.0,0.0,2022400366,2025-08-10T09:54:38.225950,BoxScoreScoringV3
2022400366,1612709890,Austin,Spurs,AUS,spurs,1642565.0,Parker,Van Dyke,P. Van Dyke,parker-van-dyke,,DNP - Coach's Decision,,,0.0,0.0,0.0,0.0,0.0,0.0,0.0,0.0,0.0,0.0,0.0,0.0,0.0,0.0,0.0,2022400366,2025-08-10T09:54:38.225950,BoxScoreScoringV3
2022400366,1612709890,Austin,Spurs,AUS,spurs,,,,,,,,,240:00,0.511,0.489,0.524,0.058,0.379,0.068,0.058,0.184,0.466,0.296,0.704,0.923,0.077,0.5,0.5,2022400366,2025-08-10T09:54:38.225950,BoxScoreScoringV3
2022400366,1612709919,Westchester,Knicks,WES,knicks,,,,,,,,,240:00,0.578,0.422,0.432,0.054,0.297,0.036,0.18,0.126,0.378,0.417,0.583,0.727,0.273,0.514,0.486,2022400366,2025-08-10T09:54:38.225950,BoxScoreScoringV3
2022300160,1612709913,Birmingham,Squadron,BHM,squadron,1630792.0,Malcolm,Hill,M. Hill,malcolm-hill,F,,,40:04,0.533,0.467,0.273,0.182,0.545,0.0,0.091,0.227,0.091,0.0,1.0,0.75,0.25,0.429,0.571,2022300160,2025-08-10T09:55:06.524478,BoxScoreScoringV3
2022300160,1612709913,Birmingham,Squadron,BHM,squadron,1641856.0,Tevian,Jones,T. Jones,tevian-jones,F,,,29:54,0.25,0.75,0.0,0.0,1.0,0.0,0.0,0.0,0.0,0.0,0.0,1.0,0.0,1.0,0.0,2022300160,2025-08-10T09:55:06.524478,BoxScoreScoringV3
2022300160,1612709913,Birmingham,Squadron,BHM,squadron,1630604.0,E.J.,Liddell,E. Liddell,ej-liddell,C,,,30:50,0.455,0.545,0.333,0.0,0.167,0.0,0.278,0.0,0.333,1.0,0.0,1.0,0.0,1.0,0.0,2022300160,2025-08-10T09:55:06.524478,BoxScoreScoringV3
2022300160,1612709913,Birmingham,Squadron,BHM,squadron,1631167.0,Izaiah,Brockington,I. Brockington,izaiah-brockington,G,,,32:24,0.75,0.25,0.429,0.143,0.429,0.286,0.071,0.357,0.286,0.667,0.333,1.0,0.0,0.8,0.2,2022300160,2025-08-10T09:55:06.524478,BoxScoreScoringV3
2022300160,1612709913,Birmingham,Squadron,BHM,squadron,1630622.0,Jalen,Crutcher,J. Crutcher,jalen-crutcher,G,,,39:39,0.389,0.611,0.375,0.0,0.563,0.0,0.063,0.125,0.375,0.0,1.0,1.0,0.0,0.5,0.5,2022300160,2025-08-10T09:55:06.524478,BoxScoreScoringV3
2022300160,1612709913,Birmingham,Squadron,BHM,squadron,1629955.0,Galen,Robinson Jr.,G. Robinson Jr.,galen-robinson-jr,,,,28:02,0.75,0.25,0.667,0.0,0.2,0.267,0.067,0.267,0.667,0.0,1.0,1.0,0.0,0.167,0.833,2022300160,2025-08-10T09:55:06.524478,BoxScoreScoringV3
2022300160,1612709913,Birmingham,Squadron,BHM,squadron,1628387.0,Ike,Anigbogu,I. Anigbogu,ike-anigbogu,,,,9:14,1.0,0.0,1.0,0.0,0.0,0.0,0.0,0.0,1.0,0.5,0.5,0.0,0.0,0.5,0.5,2022300160,2025-08-10T09:55:06.524478,BoxScoreScoringV3
2022300160,1612709913,Birmingham,Squadron,BHM,squadron,1641805.0,Landers,Nolley II,L. Nolley II,landers-nolley-ii,,,,26:43,0.588,0.412,0.56,0.08,0.36,0.08,0.04,0.12,0.48,0.429,0.571,1.0,0.0,0.6,0.4,2022300160,2025-08-10T09:55:06.524478,BoxScoreScoringV3
2022300160,1612709913,Birmingham,Squadron,BHM,squadron,1642017.0,Pavel,Savkov,P. Savkov,pavel-savkov,,,,1:35,0.0,1.0,0.0,0.0,0.0,0.0,0.0,0.0,0.0,0.0,0.0,0.0,0.0,0.0,0.0,2022300160,2025-08-10T09:55:06.524478,BoxScoreScoringV3
2022300160,1612709913,Birmingham,Squadron,BHM,squadron,1630714.0,Josh,Nzeakor,J. Nzeakor,josh-nzeakor,,,,1:35,1.0,0.0,1.0,0.0,0.0,0.0,0.0,0.0,1.0,1.0,0.0,0.0,0.0,1.0,0.0,2022300160,2025-08-10T09:55:06.524478,BoxScoreScoringV3
2022300160,1612709913,Birmingham,Squadron,BHM,squadron,1629962.0,Devin,Cannady,D. Cannady,devin-cannady,,DNP - Coach's Decision,,,0.0,0.0,0.0,0.0,0.0,0.0,0.0,0.0,0.0,0.0,0.0,0.0,0.0,0.0,0.0,2022300160,2025-08-10T09:55:06.524478,BoxScoreScoringV3
2022300160,1612709913,Birmingham,Squadron,BHM,squadron,1630526.0,Jeremiah,Robinson-Earl,J. Robinson-Earl,jeremiah-robinson-earl,,DNP - Coach's Decision,,,0.0,0.0,0.0,0.0,0.0,0.0,0.0,0.0,0.0,0.0,0.0,0.0,0.0,0.0,0.0,2022300160,2025-08-10T09:55:06.524478,BoxScoreScoringV3
2022300160,1612709913,Birmingham,Squadron,BHM,squadron,1631220.0,Dereon,Seabron,D. Seabron,dereon-seabron,,DNP - Coach's Decision,,,0.0,0.0,0.0,0.0,0.0,0.0,0.0,0.0,0.0,0.0,0.0,0.0,0.0,0.0,0.0,2022300160,2025-08-10T09:55:06.524478,BoxScoreScoringV3
2022300160,1612709927,Wisconsin,Herd,WIS,herd,1641753.0,Chris,Livingston,C. Livingston,chris-livingston,F,,,30:10,0.667,0.333,0.875,0.0,0.0,0.25,0.063,0.0,0.875,0.286,0.714,0.0,0.0,0.286,0.714,2022300160,2025-08-10T09:55:06.524478,BoxScoreScoringV3
2022300160,1612709927,Wisconsin,Herd,WIS,herd,1629117.0,Wenyen,Gabriel,W. Gabriel,wenyen-gabriel,F,,,40:46,0.765,0.235,0.696,0.0,0.13,0.304,0.087,0.174,0.696,0.625,0.375,1.0,0.0,0.667,0.333,2022300160,2025-08-10T09:55:06.524478,BoxScoreScoringV3
2022300160,1612709927,Wisconsin,Herd,WIS,herd,1629716.0,Marques,Bolden,M. Bolden,marques-bolden,C,,,16:21,1.0,0.0,0.75,0.0,0.0,0.0,0.188,0.125,0.75,0.667,0.333,0.0,0.0,0.667,0.333,2022300160,2025-08-10T09:55:06.524478,BoxScoreScoringV3
2022300160,1612709927,Wisconsin,Herd,WIS,herd,203922.0,Glenn,Robinson III,G. Robinson III,glenn-robinson-iii,G,,,26:02,0.25,0.75,0.25,0.0,0.75,0.375,0.0,0.0,0.25,0.0,1.0,1.0,0.0,0.667,0.333,2022300160,2025-08-10T09:55:06.524478,BoxScoreScoringV3
2022300160,1612709927,Wisconsin,Herd,WIS,herd,1631102.0,TyTy,Washington Jr.,T. Washington Jr.,tyty-washington-jr,G,,,38:35,0.579,0.421,0.615,0.0,0.231,0.154,0.077,0.0,0.615,0.5,0.5,1.0,0.0,0.6,0.4,2022300160,2025-08-10T09:55:06.524478,BoxScoreScoringV3
2022300160,1612709927,Wisconsin,Herd,WIS,herd,1630828.0,Alex,Antetokounmpo,A. Antetokounmpo,alex-antetokounmpo,,,,20:03,0.0,1.0,0.0,0.0,0.0,0.0,0.0,0.0,0.0,0.0,0.0,0.0,0.0,0.0,0.0,2022300160,2025-08-10T09:55:06.524478,BoxScoreScoringV3
2022300160,1612709927,Wisconsin,Herd,WIS,herd,1631166.0,Drew,Timme,D. Timme,drew-timme,,,,18:00,0.625,0.375,0.727,0.0,0.273,0.0,0.0,0.182,0.727,0.75,0.25,1.0,0.0,0.8,0.2,2022300160,2025-08-10T09:55:06.524478,BoxScoreScoringV3
2022300160,1612709927,Wisconsin,Herd,WIS,herd,1630190.0,Elijah,Hughes,E. Hughes,elijah-hughes,,,,10:33,0.0,1.0,0.0,0.0,0.0,0.0,0.5,0.0,0.0,0.0,0.0,0.0,0.0,0.0,0.0,2022300160,2025-08-10T09:55:06.524478,BoxScoreScoringV3
2022300160,1612709927,Wisconsin,Herd,WIS,herd,1642099.0,Isiaih,Mosley,I. Mosley,isiaih-mosley,,,,5:47,0.5,0.5,0.0,0.0,0.0,0.0,0.0,0.0,0.0,0.0,0.0,0.0,0.0,0.0,0.0,2022300160,2025-08-10T09:55:06.524478,BoxScoreScoringV3
2022300160,1612709927,Wisconsin,Herd,WIS,herd,1629808.0,Stephen,Thompson,S. Thompson,stephen-thompson,,,,21:23,0.455,0.545,0.375,0.0,0.563,0.188,0.063,0.313,0.375,0.0,1.0,1.0,0.0,0.5,0.5,2022300160,2025-08-10T09:55:06.524478,BoxScoreScoringV3
2022300160,1612709927,Wisconsin,Herd,WIS,herd,1641869.0,Malachi,Smith,M. Smith,malachi-smith,,,,12:20,0.25,0.75,1.0,0.0,0.0,1.0,0.0,1.0,1.0,1.0,0.0,0.0,0.0,1.0,0.0,2022300160,2025-08-10T09:55:06.524478,BoxScoreScoringV3
2022300160,1612709927,Wisconsin,Herd,WIS,herd,1642128.0,Kihei,Clark,K. Clark,kihei-clark,,DND - Injury/Illness,,,0.0,0.0,0.0,0.0,0.0,0.0,0.0,0.0,0.0,0.0,0.0,0.0,0.0,0.0,0.0,2022300160,2025-08-10T09:55:06.524478,BoxScoreScoringV3
2022300160,1612709927,Wisconsin,Herd,WIS,herd,,,,,,,,,240:00,0.58,0.42,0.636,0.0,0.224,0.196,0.084,0.14,0.636,0.5,0.5,1.0,0.0,0.595,0.405,2022300160,2025-08-10T09:55:06.525000,BoxScoreScoringV3
2022300160,1612709913,Birmingham,Squadron,BHM,squadron,,,,,,,,,240:00,0.557,0.443,0.432,0.064,0.408,0.08,0.088,0.152,0.368,0.37,0.63,0.941,0.059,0.591,0.409,2022300160,2025-08-10T09:55:06.525000,BoxScoreScoringV3
2022300085,1612709909,Delaware,Blue Coats,DEL,blue-coats,1641741.0,Ricky,Council IV,R. Council IV,ricky-council-iv,F,,,35:20,0.85,0.15,0.759,0.069,0.103,0.207,0.069,0.276,0.69,0.455,0.545,1.0,0.0,0.5,0.5,2022300085,2025-08-10T09:55:37.705818,BoxScoreScoringV3
2022300085,1612709909,Delaware,Blue Coats,DEL,blue-coats,1631254.0,Kenneth,Lofton Jr.,K. Lofton Jr.,kenneth-lofton-jr,F,,,24:13,0.933,0.067,0.815,0.0,0.0,0.0,0.111,0.0,0.815,0.545,0.455,0.0,0.0,0.545,0.455,2022300085,2025-08-10T09:55:37.705818,BoxScoreScoringV3
2022300085,1612709909,Delaware,Blue Coats,DEL,blue-coats,1629647.0,Darius,Bazley,D. Bazley,darius-bazley,C,,,35:57,0.889,0.111,0.615,0.154,0.0,0.0,0.231,0.0,0.462,0.25,0.75,0.0,0.0,0.25,0.75,2022300085,2025-08-10T09:55:37.705818,BoxScoreScoringV3
2022300085,1612709909,Delaware,Blue Coats,DEL,blue-coats,1630606.0,Javonte,Smart,J. Smart,javonte-smart,G,,,32:19,0.143,0.857,0.0,0.0,0.0,0.0,1.0,0.0,0.0,0.0,0.0,0.0,0.0,0.0,0.0,2022300085,2025-08-10T09:55:37.705818,BoxScoreScoringV3
2022300085,1612709909,Delaware,Blue Coats,DEL,blue-coats,1629600.0,Jarron,Cumberland,J. Cumberland,jarron-cumberland,G,,,29:13,0.8,0.2,0.667,0.0,0.0,0.0,0.167,0.0,0.667,1.0,0.0,0.0,0.0,1.0,0.0,2022300085,2025-08-10T09:55:37.705818,BoxScoreScoringV3
2022300085,1612709909,Delaware,Blue Coats,DEL,blue-coats,1631173.0,Terquavion,Smith,T. Smith,terquavion-smith,,,,28:03,0.429,0.571,0.24,0.0,0.6,0.0,0.08,0.0,0.24,0.333,0.667,0.6,0.4,0.5,0.5,2022300085,2025-08-10T09:55:37.705818,BoxScoreScoringV3
2022300085,1612709909,Delaware,Blue Coats,DEL,blue-coats,1628982.0,Melvin,Frazier Jr.,M. Frazier Jr.,melvin-frazier-jr,,,,18:10,1.0,0.0,1.0,0.0,0.0,0.0,0.0,0.0,1.0,0.75,0.25,0.0,0.0,0.75,0.25,2022300085,2025-08-10T09:55:37.705818,BoxScoreScoringV3
2022300085,1612709909,Delaware,Blue Coats,DEL,blue-coats,1630288.0,Jeff,Dowtin Jr.,J. Dowtin Jr.,jeff-dowtin-jr,,,,18:21,0.6,0.4,0.667,0.0,0.333,0.0,0.0,0.333,0.667,1.0,0.0,1.0,0.0,1.0,0.0,2022300085,2025-08-10T09:55:37.705818,BoxScoreScoringV3
2022300085,1612709909,Delaware,Blue Coats,DEL,blue-coats,1628876.0,Jared,Brownridge,J. Brownridge,jared-brownridge,,,,12:05,0.5,0.5,0.0,0.0,0.0,0.0,0.0,0.0,0.0,0.0,0.0,0.0,0.0,0.0,0.0,2022300085,2025-08-10T09:55:37.705818,BoxScoreScoringV3
2022300085,1612709909,Delaware,Blue Coats,DEL,blue-coats,1630542.0,Marcus,Bagley,M. Bagley,marcus-bagley,,,,4:43,1.0,0.0,0.0,0.0,0.0,0.0,0.0,0.0,0.0,0.0,0.0,0.0,0.0,0.0,0.0,2022300085,2025-08-10T09:55:37.705818,BoxScoreScoringV3
2022300085,1612709909,Delaware,Blue Coats,DEL,blue-coats,1630358.0,Chris,Clarke,C. Clarke,chris-clarke,,,,1:36,0.0,0.0,0.0,0.0,0.0,0.0,0.0,0.0,0.0,0.0,0.0,0.0,0.0,0.0,0.0,2022300085,2025-08-10T09:55:37.705818,BoxScoreScoringV3
2022300085,1612709909,Delaware,Blue Coats,DEL,blue-coats,1631198.0,Aminu,Mohammed,A. Mohammed,aminu-mohammed,,DNP - Coach's Decision,,,0.0,0.0,0.0,0.0,0.0,0.0,0.0,0.0,0.0,0.0,0.0,0.0,0.0,0.0,0.0,2022300085,2025-08-10T09:55:37.705818,BoxScoreScoringV3
2022300085,1612709929,College Park,Skyhawks,CPS,skyhawks,1641934.0,David,Singleton,D. Singleton,david-singleton,F,,,30:31,0.5,0.5,0.667,0.0,0.333,0.0,0.0,0.444,0.667,1.0,0.0,1.0,0.0,1.0,0.0,2022300085,2025-08-10T09:55:37.705818,BoxScoreScoringV3
2022300085,1612709929,College Park,Skyhawks,CPS,skyhawks,1629735.0,Chris,Silva,C. Silva,chris-silva,F,,,32:31,0.889,0.111,0.667,0.0,0.1,0.0,0.133,0.167,0.667,0.1,0.9,1.0,0.0,0.182,0.818,2022300085,2025-08-10T09:55:37.705818,BoxScoreScoringV3
2022300085,1612709929,College Park,Skyhawks,CPS,skyhawks,1641936.0,Miles,Norris,M. Norris,miles-norris,C,,,28:39,0.75,0.25,1.0,0.0,0.0,0.0,0.0,0.0,1.0,0.75,0.25,0.0,0.0,0.75,0.25,2022300085,2025-08-10T09:55:37.705818,BoxScoreScoringV3
2022300085,1612709929,College Park,Skyhawks,CPS,skyhawks,1631413.0,Trey,McGowens,T. McGowens,trey-mcgowens,G,,,23:31,0.818,0.182,0.545,0.182,0.0,0.0,0.273,0.0,0.364,0.333,0.667,0.0,0.0,0.333,0.667,2022300085,2025-08-10T09:55:37.705818,BoxScoreScoringV3
2022300085,1612709929,College Park,Skyhawks,CPS,skyhawks,1641935.0,Jarkel,Joiner,J. Joiner,jarkel-joiner,G,,,38:52,0.722,0.278,0.727,0.0,0.136,0.0,0.091,0.0,0.727,0.625,0.375,1.0,0.0,0.667,0.333,2022300085,2025-08-10T09:55:37.705818,BoxScoreScoringV3
2022300085,1612709929,College Park,Skyhawks,CPS,skyhawks,1629801.0,Brandon,Randolph,B. Randolph,brandon-randolph,,,,40:45,0.706,0.294,0.444,0.111,0.333,0.0,0.111,0.222,0.333,0.25,0.75,1.0,0.0,0.5,0.5,2022300085,2025-08-10T09:55:37.705818,BoxScoreScoringV3
2022300085,1612709929,College Park,Skyhawks,CPS,skyhawks,1642045.0,Devon,Higgs,D. Higgs,devon-higgs,,,,19:38,1.0,0.0,0.5,0.0,0.0,0.0,0.25,0.0,0.5,1.0,0.0,0.0,0.0,1.0,0.0,2022300085,2025-08-10T09:55:37.705818,BoxScoreScoringV3
2022300085,1612709929,College Park,Skyhawks,CPS,skyhawks,1630312.0,Robert,Baker,R. Baker,robert-baker,,,,25:33,0.813,0.188,1.0,0.167,0.0,0.0,0.0,0.167,0.833,0.5,0.5,0.0,0.0,0.5,0.5,2022300085,2025-08-10T09:55:37.705818,BoxScoreScoringV3
2022300085,1612709929,College Park,Skyhawks,CPS,skyhawks,,,,,,,,,240:00,0.762,0.238,0.684,0.053,0.132,0.0,0.105,0.132,0.632,0.462,0.538,1.0,0.0,0.523,0.477,2022300085,2025-08-10T09:55:37.705818,BoxScoreScoringV3
2022300085,1612709909,Delaware,Blue Coats,DEL,blue-coats,,,,,,,,,240:00,0.723,0.277,0.644,0.034,0.178,0.051,0.102,0.093,0.61,0.553,0.447,0.714,0.286,0.578,0.422,2022300085,2025-08-10T09:55:37.705818,BoxScoreScoringV3
