gameId,teamId,teamCity,teamName,teamTricode,teamSlug,personId,firstName,familyName,nameI,playerSlug,position,comment,jerseyNum,minutes,fieldGoalsMade,fieldGoalsAttempted,fieldGoalsPercentage,threePointersMade,threePointersAttempted,threePointersPercentage,freeThrowsMade,freeThrowsAttempted,freeThrowsPercentage,reboundsOffensive,reboundsDefensive,reboundsTotal,assists,steals,blocks,turnovers,foulsPersonal,points,plusMinusPoints,source_game_id,collection_timestamp,startersBench
2022400370,1612709904,Sioux Falls,Skyforce,SXF,skyforce,1630528.0,Josh,Christopher,J. Christopher,josh-christopher,F,,,36:39,11,20,0.55,6,14,0.429,1,2,0.5,1,4,5,6,1,0,6,1,30,3.0,2022400370,2025-08-10T09:31:41.565354,
2022400370,1612709904,Sioux Falls,Skyforce,SXF,skyforce,1629642.0,Nassir,Little,N. Little,nassir-little,F,,,30:34,10,14,0.714,0,2,0.0,1,1,1.0,2,2,4,4,1,0,2,5,22,4.0,2022400370,2025-08-10T09:31:41.565354,
2022400370,1612709904,Sioux Falls,Skyforce,SXF,skyforce,1642013.0,Malik,Williams,M. Williams,malik-williams,C,,,29:43,4,8,0.5,0,2,0.0,3,3,1.0,2,8,10,1,2,0,1,3,12,3.0,2022400370,2025-08-10T09:31:41.565354,
2022400370,1612709904,Sioux Falls,Skyforce,SXF,skyforce,1631214.0,Alondes,Williams,A. Williams,alondes-williams,G,,,34:37,9,18,0.5,1,4,0.25,0,2,0.0,1,4,5,3,4,0,4,4,19,4.0,2022400370,2025-08-10T09:31:41.565354,
2022400370,1612709904,Sioux Falls,Skyforce,SXF,skyforce,1641985.0,Bryson,Warren,B. Warren,bryson-warren,G,,,40:44,9,18,0.5,6,11,0.545,0,0,0.0,2,1,3,8,1,0,2,1,24,6.0,2022400370,2025-08-10T09:31:41.565354,
2022400370,1612709904,Sioux Falls,Skyforce,SXF,skyforce,1642550.0,Xavier,Johnson,X. Johnson,xavier-johnson,,,,19:29,0,3,0.0,0,0,0.0,0,0,0.0,1,0,1,2,1,0,2,1,0,-18.0,2022400370,2025-08-10T09:31:41.565354,
2022400370,1612709904,Sioux Falls,Skyforce,SXF,skyforce,1642514.0,Warren,Washington,W. Washington,warren-washington,,,,18:17,2,2,1.0,0,0,0.0,0,0,0.0,1,5,6,1,1,1,0,1,4,-8.0,2022400370,2025-08-10T09:31:41.565354,
2022400370,1612709904,Sioux Falls,Skyforce,SXF,skyforce,1641915.0,Caleb,Daniels,C. Daniels,caleb-daniels,,,,22:23,3,5,0.6,0,2,0.0,0,0,0.0,1,2,3,0,0,0,3,0,6,-15.0,2022400370,2025-08-10T09:31:41.565354,
2022400370,1612709904,Sioux Falls,Skyforce,SXF,skyforce,1642628.0,Christian,Brown,C. Brown,christian-brown,,,,7:34,0,1,0.0,0,1,0.0,1,2,0.5,0,1,1,0,0,0,0,0,2,-4.0,2022400370,2025-08-10T09:31:41.565354,
2022400370,1612709904,Sioux Falls,Skyforce,SXF,skyforce,1642552.0,Tyler,Polley,T. Polley,tyler-polley,,DNP - Coach's Decision,,,0,0,0.0,0,0,0.0,0,0,0.0,0,0,0,0,0,0,0,0,0,0.0,2022400370,2025-08-10T09:31:41.565354,
2022400370,1612709904,Sioux Falls,Skyforce,SXF,skyforce,203503.0,Tony,Snell,T. Snell,tony-snell,,DNP - Coach's Decision,,,0,0,0.0,0,0,0.0,0,0,0.0,0,0,0,0,0,0,0,0,0,0.0,2022400370,2025-08-10T09:31:41.565354,
2022400370,1612709908,Rio Grande Valley,Vipers,RGV,vipers,1631257.0,Jermaine,Samuels Jr.,J. Samuels Jr.,jermaine-samuels-jr,F,,,35:29,8,12,0.667,2,3,0.667,0,3,0.0,0,5,5,3,1,2,2,0,18,-14.0,2022400370,2025-08-10T09:31:41.565354,
2022400370,1612709908,Rio Grande Valley,Vipers,RGV,vipers,1629098.0,Jack,McVeigh,J. McVeigh,jack-mcveigh,F,,,29:26,4,13,0.308,3,11,0.273,4,4,1.0,0,4,4,1,0,1,2,1,15,-7.0,2022400370,2025-08-10T09:31:41.565354,
2022400370,1612709908,Rio Grande Valley,Vipers,RGV,vipers,1642368.0,N'Faly,Dante,N. Dante,nfaly-dante,C,,,21:45,8,9,0.889,0,0,0.0,0,0,0.0,5,6,11,0,0,1,0,3,16,3.0,2022400370,2025-08-10T09:31:41.565354,
2022400370,1612709908,Rio Grande Valley,Vipers,RGV,vipers,1630227.0,Daishen,Nix,D. Nix,daishen-nix,G,,,34:30,5,8,0.625,1,3,0.333,5,6,0.833,2,5,7,12,3,0,6,1,19,-4.0,2022400370,2025-08-10T09:31:41.565354,
2022400370,1612709908,Rio Grande Valley,Vipers,RGV,vipers,1641999.0,John,Knight III,J. Knight III,john-knight-iii,G,,,28:28,2,5,0.4,0,0,0.0,0,0,0.0,3,3,6,1,3,0,2,3,4,-12.0,2022400370,2025-08-10T09:31:41.565354,
2022400370,1612709908,Rio Grande Valley,Vipers,RGV,vipers,1642591.0,Jeremy,Jones,J. Jones,jeremy-jones,,,,25:57,4,8,0.5,3,6,0.5,0,0,0.0,1,0,1,2,2,1,1,2,11,25.0,2022400370,2025-08-10T09:31:41.565354,
2022400370,1612709908,Rio Grande Valley,Vipers,RGV,vipers,1641806.0,Markquis,Nowell,M. Nowell,markquis-nowell,,,,25:39,6,11,0.545,3,6,0.5,2,2,1.0,1,3,4,9,1,1,2,4,17,29.0,2022400370,2025-08-10T09:31:41.565354,
2022400370,1612709908,Rio Grande Valley,Vipers,RGV,vipers,1629729.0,Josh,Reaves,J. Reaves,josh-reaves,,,,8:44,0,0,0.0,0,0,0.0,0,0,0.0,0,0,0,1,1,0,2,2,0,6.0,2022400370,2025-08-10T09:31:41.565354,
2022400370,1612709908,Rio Grande Valley,Vipers,RGV,vipers,1642592.0,Teddy,Allen,T. Allen,teddy-allen,,,,20:29,8,16,0.5,4,9,0.444,0,0,0.0,2,1,3,4,2,0,1,1,20,5.0,2022400370,2025-08-10T09:31:41.565354,
2022400370,1612709908,Rio Grande Valley,Vipers,RGV,vipers,1642516.0,Kevin,"Cross, Jr.","K. Cross, Jr.","kevin-cross,-jr",,,,9:33,2,7,0.286,0,0,0.0,0,0,0.0,0,1,1,0,0,0,1,1,4,-6.0,2022400370,2025-08-10T09:31:41.565354,
2022400370,1612709908,Rio Grande Valley,Vipers,RGV,vipers,,,,,,,,,149:38,27,47,0.574,6,17,0.353,9,13,0.692,10,23,33,17,7,4,12,8,72,,2022400370,2025-08-10T09:31:41.565354,Starters
2022400370,1612709908,Rio Grande Valley,Vipers,RGV,vipers,,,,,,,,,149:38,20,42,0.476,10,21,0.476,2,2,1.0,4,5,9,16,6,2,7,10,52,,2022400370,2025-08-10T09:31:41.565354,Bench
2022400370,1612709904,Sioux Falls,Skyforce,SXF,skyforce,,,,,,,,,172:17,43,78,0.551,13,33,0.394,5,8,0.625,8,19,27,22,9,0,15,14,107,,2022400370,2025-08-10T09:31:41.565354,Starters
2022400370,1612709904,Sioux Falls,Skyforce,SXF,skyforce,,,,,,,,,172:17,5,11,0.455,0,3,0.0,1,2,0.5,3,8,11,3,2,1,5,2,12,,2022400370,2025-08-10T09:31:41.565354,Bench
2022400370,1612709908,Rio Grande Valley,Vipers,RGV,vipers,,,,,,,,,240:00,47,89,0.528,16,38,0.421,11,15,0.733,14,28,42,33,13,6,19,18,124,5.0,2022400370,2025-08-10T09:31:41.565354,
2022400370,1612709904,Sioux Falls,Skyforce,SXF,skyforce,,,,,,,,,240:00,48,89,0.539,13,36,0.361,6,10,0.6,11,27,38,25,11,1,20,16,119,-5.0,2022400370,2025-08-10T09:31:41.565354,
2022300370,1612709932,Motor City,Cruise,MCC,cruise,1641787.0,Tosan,Evbuomwan,T. Evbuomwan,tosan-evbuomwan,F,,,26:55,3,8,0.375,1,2,0.5,0,0,0.0,0,6,6,4,0,1,4,0,7,-24.0,2022300370,2025-08-10T09:31:45.511110,
2022300370,1612709932,Motor City,Cruise,MCC,cruise,1630649.0,Stanley,Umude,S. Umude,stanley-umude,F,,,33:48,7,17,0.412,2,7,0.286,1,1,1.0,0,7,7,1,0,0,1,3,17,-24.0,2022300370,2025-08-10T09:31:45.511110,
2022300370,1612709932,Motor City,Cruise,MCC,cruise,1630233.0,Nathan,Knight,N. Knight,nathan-knight,C,,,37:04,4,11,0.364,0,3,0.0,5,5,1.0,0,6,6,4,1,0,2,2,18,-7.0,2022300370,2025-08-10T09:31:45.511110,
2022300370,1612709932,Motor City,Cruise,MCC,cruise,1631197.0,Jared,Rhoden,J. Rhoden,jared-rhoden,G,,,36:13,10,18,0.556,3,5,0.6,0,0,0.0,0,5,5,1,1,0,3,4,23,-20.0,2022300370,2025-08-10T09:31:45.511110,
2022300370,1612709932,Motor City,Cruise,MCC,cruise,1630285.0,Zavier,Simpson,Z. Simpson,zavier-simpson,G,,,35:36,4,9,0.444,0,1,0.0,0,0,0.0,0,5,5,8,0,3,1,1,8,-1.0,2022300370,2025-08-10T09:31:45.511110,
2022300370,1612709932,Motor City,Cruise,MCC,cruise,1642045.0,Devon,Higgs,D. Higgs,devon-higgs,,,,25:10,1,1,1.0,1,1,1.0,0,0,0.0,1,1,2,0,0,1,2,3,3,8.0,2022300370,2025-08-10T09:31:45.511110,
2022300370,1612709932,Motor City,Cruise,MCC,cruise,1631205.0,Buddy,Boeheim,B. Boeheim,buddy-boeheim,,,,27:58,6,11,0.545,4,8,0.5,1,1,1.0,0,4,4,3,1,1,1,1,18,-5.0,2022300370,2025-08-10T09:31:45.511110,
2022300370,1612709932,Motor City,Cruise,MCC,cruise,1628532.0,ShawnDre,Jones,S. Jones,shawndre-jones,,,,12:24,0,2,0.0,0,1,0.0,0,0,0.0,0,0,0,2,0,0,0,1,0,-15.0,2022300370,2025-08-10T09:31:45.511110,
2022300370,1612709932,Motor City,Cruise,MCC,cruise,1642071.0,Sam,Peek,S. Peek,sam-peek,,,,2:26,1,1,1.0,0,0,0.0,0,0,0.0,0,0,0,0,0,0,0,0,2,4.0,2022300370,2025-08-10T09:31:45.511110,
2022300370,1612709932,Motor City,Cruise,MCC,cruise,1631208.0,Ryan,Turell,R. Turell,ryan-turell,,,,2:26,1,1,1.0,1,1,1.0,0,0,0.0,0,0,0,0,0,0,0,0,3,4.0,2022300370,2025-08-10T09:31:45.511110,
2022300370,1612709932,Motor City,Cruise,MCC,cruise,1631384.0,Jayce,Johnson,J. Johnson,jayce-johnson,,DND - Injury/Illness,,,0,0,0.0,0,0,0.0,0,0,0.0,0,0,0,0,0,0,0,0,0,0.0,2022300370,2025-08-10T09:31:45.511110,
2022300370,1612709928,Capital City,Go-Go,CCG,go-go,1628977.0,Hamidou,Diallo,H. Diallo,hamidou-diallo,F,,,31:11,8,15,0.533,1,1,1.0,2,2,1.0,2,10,12,1,0,1,1,2,20,7.0,2022300370,2025-08-10T09:31:45.511110,
2022300370,1612709928,Capital City,Go-Go,CCG,go-go,1641917.0,Taylor,Funk,T. Funk,taylor-funk,F,,,27:11,3,7,0.429,3,7,0.429,0,0,0.0,0,4,4,4,3,0,0,1,9,24.0,2022300370,2025-08-10T09:31:45.511110,
2022300370,1612709928,Capital City,Go-Go,CCG,go-go,1641868.0,Jake,Stephens,J. Stephens,jake-stephens,C,,,33:51,6,11,0.545,2,5,0.4,1,1,1.0,1,8,9,3,0,0,1,1,16,-6.0,2022300370,2025-08-10T09:31:45.511110,
2022300370,1612709928,Capital City,Go-Go,CCG,go-go,1629653.0,Devon,Dotson,D. Dotson,devon-dotson,G,,,35:31,6,14,0.429,1,6,0.167,1,1,1.0,0,4,4,4,1,0,1,2,15,0.0,2022300370,2025-08-10T09:31:45.511110,
2022300370,1612709928,Capital City,Go-Go,CCG,go-go,1631262.0,Jules,Bernard,J. Bernard,jules-bernard,G,,,28:04,2,9,0.222,1,6,0.167,1,1,1.0,1,2,3,2,1,1,2,1,7,-4.0,2022300370,2025-08-10T09:31:45.511110,
2022300370,1612709928,Capital City,Go-Go,CCG,go-go,1630181.0,R.J.,Hampton,R. Hampton,rj-hampton,,,,34:46,9,13,0.692,4,5,0.8,3,3,1.0,0,2,2,4,2,0,0,1,30,7.0,2022300370,2025-08-10T09:31:45.511110,
2022300370,1612709928,Capital City,Go-Go,CCG,go-go,1631293.0,Davion,Mintz,D. Mintz,davion-mintz,,,,15:54,3,5,0.6,1,2,0.5,0,0,0.0,0,2,2,3,1,0,2,2,7,18.0,2022300370,2025-08-10T09:31:45.511110,
2022300370,1612709928,Capital City,Go-Go,CCG,go-go,1631219.0,John,Butler Jr.,J. Butler Jr.,john-butler-jr,,,,17:01,3,7,0.429,1,2,0.5,2,3,0.667,1,2,3,1,0,2,0,3,11,16.0,2022300370,2025-08-10T09:31:45.511110,
2022300370,1612709928,Capital City,Go-Go,CCG,go-go,1628539.0,Mychal,Mulder,M. Mulder,mychal-mulder,,,,16:31,0,3,0.0,0,2,0.0,0,0,0.0,0,1,1,2,0,0,0,0,0,18.0,2022300370,2025-08-10T09:31:45.511110,
2022300370,1612709928,Capital City,Go-Go,CCG,go-go,1641914.0,Chase,Audige,C. Audige,chase-audige,,DNP - Coach's Decision,,,0,0,0.0,0,0,0.0,0,0,0.0,0,0,0,0,0,0,0,0,0,0.0,2022300370,2025-08-10T09:31:45.511110,
2022300370,1612709928,Capital City,Go-Go,CCG,go-go,1630701.0,Michael,Foster Jr.,M. Foster Jr.,michael-foster-jr,,DND - Injury/Illness,,,0,0,0.0,0,0,0.0,0,0,0.0,0,0,0,0,0,0,0,0,0,0.0,2022300370,2025-08-10T09:31:45.511110,
2022300370,1612709928,Capital City,Go-Go,CCG,go-go,,,,,,,,,155:48,25,56,0.446,8,25,0.32,5,5,1.0,4,28,32,14,5,2,5,7,67,,2022300370,2025-08-10T09:31:45.511110,Starters
2022300370,1612709928,Capital City,Go-Go,CCG,go-go,,,,,,,,,155:48,15,28,0.536,6,11,0.545,5,6,0.833,1,7,8,10,3,2,2,6,48,,2022300370,2025-08-10T09:31:45.511110,Bench
2022300370,1612709932,Motor City,Cruise,MCC,cruise,,,,,,,,,169:36,28,63,0.444,6,18,0.333,6,6,1.0,0,29,29,18,2,4,11,10,73,,2022300370,2025-08-10T09:31:45.511110,Starters
2022300370,1612709932,Motor City,Cruise,MCC,cruise,,,,,,,,,169:36,9,16,0.563,6,11,0.545,1,1,1.0,1,5,6,5,1,2,3,5,26,,2022300370,2025-08-10T09:31:45.511110,Bench
2022300370,1612709928,Capital City,Go-Go,CCG,go-go,,,,,,,,,240:00,40,84,0.476,14,36,0.389,10,11,0.909,5,35,40,24,8,4,7,13,115,16.0,2022300370,2025-08-10T09:31:45.511110,
2022300370,1612709932,Motor City,Cruise,MCC,cruise,,,,,,,,,240:00,37,79,0.468,12,29,0.414,7,7,1.0,1,34,35,23,3,6,14,15,99,-16.0,2022300370,2025-08-10T09:31:45.511110,
2022300410,1612709914,Stockton,Kings,STO,kings,1626169.0,Stanley,Johnson,S. Johnson,stanley-johnson,F,,,39:23,9,16,0.563,1,7,0.143,2,3,0.667,1,7,8,5,1,1,2,0,22,13.0,2022300410,2025-08-10T09:31:46.235260,
2022300410,1612709914,Stockton,Kings,STO,kings,1641771.0,Jalen,Slawson,J. Slawson,jalen-slawson,F,,,38:12,9,17,0.529,0,4,0.0,1,1,1.0,2,5,7,1,0,2,2,2,20,0.0,2022300410,2025-08-10T09:31:46.235260,
2022300410,1612709914,Stockton,Kings,STO,kings,1629792.0,Gabe,Levin,G. Levin,gabe-levin,C,,,28:13,2,8,0.25,0,0,0.0,1,1,1.0,1,6,7,1,1,1,0,0,6,14.0,2022300410,2025-08-10T09:31:46.235260,
2022300410,1612709914,Stockton,Kings,STO,kings,1630222.0,Mason,Jones,M. Jones,mason-jones,G,,,40:05,6,13,0.462,4,7,0.571,4,4,1.0,1,4,5,11,1,2,3,2,23,13.0,2022300410,2025-08-10T09:31:46.235260,
2022300410,1612709914,Stockton,Kings,STO,kings,1630259.0,Jordan,Ford,J. Ford,jordan-ford,G,,,35:24,6,8,0.75,3,3,1.0,2,2,1.0,0,0,0,4,3,0,1,1,17,9.0,2022300410,2025-08-10T09:31:46.235260,
2022300410,1612709914,Stockton,Kings,STO,kings,1629669.0,Jaylen,Nowell,J. Nowell,jaylen-nowell,,,,21:28,6,12,0.5,3,5,0.6,0,0,0.0,0,3,3,1,1,0,3,1,15,-4.0,2022300410,2025-08-10T09:31:46.235260,
2022300410,1612709914,Stockton,Kings,STO,kings,203498.0,Shabazz,Muhammad,S. Muhammad,shabazz-muhammad,,,,4:44,0,1,0.0,0,0,0.0,0,0,0.0,0,0,0,0,0,0,0,0,0,2.0,2022300410,2025-08-10T09:31:46.235260,
2022300410,1612709914,Stockton,Kings,STO,kings,1628968.0,Brian,Bowen II,B. Bowen II,brian-bowen-ii,,,,2:42,0,0,0.0,0,0,0.0,0,0,0.0,0,1,1,0,0,0,0,0,0,-4.0,2022300410,2025-08-10T09:31:46.235260,
2022300410,1612709914,Stockton,Kings,STO,kings,1631399.0,Jon,Elmore,J. Elmore,jon-elmore,,,,10:19,1,3,0.333,0,2,0.0,1,1,1.0,0,1,1,2,0,0,1,3,5,-5.0,2022300410,2025-08-10T09:31:46.235260,
2022300410,1612709914,Stockton,Kings,STO,kings,1641863.0,Dane,Goodwin,D. Goodwin,dane-goodwin,,,,19:30,3,4,0.75,1,2,0.5,0,0,0.0,0,4,4,0,0,0,0,2,7,12.0,2022300410,2025-08-10T09:31:46.235260,
2022300410,1612709914,Stockton,Kings,STO,kings,1630806.0,Kalob,Ledoux,K. Ledoux,kalob-ledoux,,DNP - Coach's Decision,,,0,0,0.0,0,0,0.0,0,0,0.0,0,0,0,0,0,0,0,0,0,0.0,2022300410,2025-08-10T09:31:46.235260,
2022300410,1612709924,Ontario,Clippers,ONT,clippers,1630563.0,Joshua,Primo,J. Primo,joshua-primo,F,,,31:24,5,9,0.556,2,3,0.667,1,1,1.0,0,0,0,4,1,0,4,1,14,-8.0,2022300410,2025-08-10T09:31:46.235260,
2022300410,1612709924,Ontario,Clippers,ONT,clippers,1641738.0,Kobe,Brown,K. Brown,kobe-brown,F,,,26:44,3,6,0.5,0,2,0.0,0,0,0.0,1,3,4,6,1,0,1,3,6,1.0,2022300410,2025-08-10T09:31:46.235260,
2022300410,1612709924,Ontario,Clippers,ONT,clippers,1631217.0,Moussa,Diabaté,M. Diabaté,moussa-diabaté,C,,,36:01,7,15,0.467,0,1,0.0,0,1,0.0,2,12,14,1,0,1,1,3,14,-1.0,2022300410,2025-08-10T09:31:46.235260,
2022300410,1612709924,Ontario,Clippers,ONT,clippers,1641757.0,Jordan,Miller,J. Miller,jordan-miller,G,,,31:47,8,17,0.471,1,6,0.167,3,4,0.75,4,1,5,2,2,1,1,2,22,10.0,2022300410,2025-08-10T09:31:46.235260,
2022300410,1612709924,Ontario,Clippers,ONT,clippers,1629875.0,Xavier,Moon,X. Moon,xavier-moon,G,,,31:28,9,15,0.6,2,3,0.667,1,1,1.0,0,3,3,8,0,0,1,1,21,-1.0,2022300410,2025-08-10T09:31:46.235260,
2022300410,1612709924,Ontario,Clippers,ONT,clippers,1628237.0,Josh,Hagins,J. Hagins,josh-hagins,,,,16:32,2,4,0.5,0,1,0.0,0,0,0.0,0,1,1,3,0,0,0,1,4,-9.0,2022300410,2025-08-10T09:31:46.235260,
2022300410,1612709924,Ontario,Clippers,ONT,clippers,1629717.0,Armoni,Brooks,A. Brooks,armoni-brooks,,,,16:13,3,7,0.429,2,5,0.4,0,0,0.0,0,1,1,0,0,0,1,0,8,-20.0,2022300410,2025-08-10T09:31:46.235260,
2022300410,1612709924,Ontario,Clippers,ONT,clippers,1641792.0,Joey,Hauser,J. Hauser,joey-hauser,,,,14:35,1,2,0.5,0,1,0.0,0,0,0.0,0,0,0,1,0,0,1,3,2,-10.0,2022300410,2025-08-10T09:31:46.235260,
2022300410,1612709924,Ontario,Clippers,ONT,clippers,1631258.0,Bryson,Williams,B. Williams,bryson-williams,,,,18:40,3,6,0.5,1,3,0.333,1,1,1.0,0,5,5,1,0,0,2,3,8,-10.0,2022300410,2025-08-10T09:31:46.235260,
2022300410,1612709924,Ontario,Clippers,ONT,clippers,1630271.0,Brodric,Thomas,B. Thomas,brodric-thomas,,,,16:36,2,6,0.333,0,3,0.0,1,1,1.0,0,1,1,2,0,0,0,1,6,-2.0,2022300410,2025-08-10T09:31:46.235260,
2022300410,1612709924,Ontario,Clippers,ONT,clippers,1641990.0,Keyshawn,Bryant,K. Bryant,keyshawn-bryant,,DNP - Coach's Decision,,,0,0,0.0,0,0,0.0,0,0,0.0,0,0,0,0,0,0,0,0,0,0.0,2022300410,2025-08-10T09:31:46.235260,
2022300410,1612709924,Ontario,Clippers,ONT,clippers,1642008.0,Nathan,Cayo,N. Cayo,nathan-cayo,,DNP - Coach's Decision,,,0,0,0.0,0,0,0.0,0,0,0.0,0,0,0,0,0,0,0,0,0,0.0,2022300410,2025-08-10T09:31:46.235260,
2022300410,1612709924,Ontario,Clippers,ONT,clippers,1641568.0,Djordije,Jovanovic,D. Jovanovic,djordije-jovanovic,,DNP - Coach's Decision,,,0,0,0.0,0,0,0.0,0,0,0.0,0,0,0,0,0,0,0,0,0,0.0,2022300410,2025-08-10T09:31:46.235260,
2022300410,1612709924,Ontario,Clippers,ONT,clippers,,,,,,,,,157:24,32,62,0.516,5,15,0.333,5,7,0.714,7,19,26,21,4,2,8,10,77,,2022300410,2025-08-10T09:31:46.235260,Starters
2022300410,1612709924,Ontario,Clippers,ONT,clippers,,,,,,,,,157:24,11,25,0.44,3,13,0.231,2,2,1.0,0,8,8,7,0,0,4,8,28,,2022300410,2025-08-10T09:31:46.235260,Bench
2022300410,1612709914,Stockton,Kings,STO,kings,,,,,,,,,181:17,32,62,0.516,8,21,0.381,10,11,0.909,5,22,27,22,6,6,8,5,88,,2022300410,2025-08-10T09:31:46.235260,Starters
2022300410,1612709914,Stockton,Kings,STO,kings,,,,,,,,,181:17,10,20,0.5,4,9,0.444,1,1,1.0,0,9,9,3,1,0,4,6,27,,2022300410,2025-08-10T09:31:46.235260,Bench
2022300410,1612709924,Ontario,Clippers,ONT,clippers,,,,,,,,,240:00,43,87,0.494,8,28,0.286,7,9,0.778,7,27,34,28,4,2,12,18,105,-10.0,2022300410,2025-08-10T09:31:46.235260,
2022300410,1612709914,Stockton,Kings,STO,kings,,,,,,,,,240:00,42,82,0.512,12,30,0.4,11,12,0.917,5,31,36,25,7,6,12,11,115,10.0,2022300410,2025-08-10T09:31:46.235260,
1022100130,1611661330,Atlanta,Dream,ATL,dream,204325.0,Crystal,Bradford,C. Bradford,crystal-bradford,F,,,32:55,4,11,0.364,1,4,0.25,1,4,0.25,3,5,8,3,0,0,2,2,10,-11.0,1022100130,2025-08-10T09:31:49.095363,
1022100130,1611661330,Atlanta,Dream,ATL,dream,200676.0,Candice,Dupree,C. Dupree,candice-dupree,F,,,36:22,6,11,0.545,0,0,0.0,0,0,0.0,0,8,8,1,3,0,1,1,12,-6.0,1022100130,2025-08-10T09:31:49.095363,
1022100130,1611661330,Atlanta,Dream,ATL,dream,204322.0,Elizabeth,Williams,E. Williams,elizabeth-williams,C,,,21:04,4,4,1.0,0,0,0.0,1,3,0.333,5,1,6,2,3,1,2,3,9,-2.0,1022100130,2025-08-10T09:31:49.095363,
1022100130,1611661330,Atlanta,Dream,ATL,dream,1627675.0,Courtney,Williams,C. Williams,courtney-williams,G,,,36:40,2,13,0.154,0,1,0.0,0,0,0.0,1,8,9,5,0,1,2,0,4,2.0,1022100130,2025-08-10T09:31:49.095363,
1022100130,1611661330,Atlanta,Dream,ATL,dream,203824.0,Odyssey,Sims,O. Sims,odyssey-sims,G,,,39:00,10,27,0.37,4,8,0.5,2,5,0.4,1,2,3,6,0,0,2,1,26,-3.0,1022100130,2025-08-10T09:31:49.095363,
1022100130,1611661330,Atlanta,Dream,ATL,dream,203403.0,Tianna,Hawkins,T. Hawkins,tianna-hawkins,,,,8:16,1,4,0.25,0,2,0.0,0,0,0.0,1,3,4,0,1,0,3,1,2,0.0,1022100130,2025-08-10T09:31:49.095363,
1022100130,1611661330,Atlanta,Dream,ATL,dream,1628881.0,Monique,Billings,M. Billings,monique-billings,,,,23:54,5,8,0.625,0,0,0.0,0,3,0.0,5,3,8,2,1,1,0,1,10,-2.0,1022100130,2025-08-10T09:31:49.095363,
1022100130,1611661330,Atlanta,Dream,ATL,dream,1630462.0,Aari,McDonald,A. McDonald,aari-mcdonald,,,,16:25,1,6,0.167,0,3,0.0,3,3,1.0,1,0,1,1,1,0,1,2,5,-7.0,1022100130,2025-08-10T09:31:49.095363,
1022100130,1611661330,Atlanta,Dream,ATL,dream,203015.0,Shekinna,Stricklen,S. Stricklen,shekinna-stricklen,,,,10:23,1,4,0.25,0,2,0.0,0,0,0.0,0,1,1,0,1,0,0,2,2,4.0,1022100130,2025-08-10T09:31:49.095363,
1022100130,1611661320,Los Angeles,Sparks,LAS,sparks,1628279.0,Brittney,Sykes,B. Sykes,brittney-sykes,F,,,40:20,8,17,0.471,0,3,0.0,1,2,0.5,2,2,4,5,2,0,2,3,17,6.0,1022100130,2025-08-10T09:31:49.095363,
1022100130,1611661320,Los Angeles,Sparks,LAS,sparks,203014.0,Nneka,Ogwumike,N. Ogwumike,nneka-ogwumike,F,,,37:38,6,7,0.857,0,0,0.0,1,2,0.5,0,9,9,9,1,0,1,3,13,8.0,1022100130,2025-08-10T09:31:49.095363,
1022100130,1611661320,Los Angeles,Sparks,LAS,sparks,204320.0,Amanda,Zahui B,A. Zahui B,amanda-zahui-b,C,,,24:19,7,14,0.5,0,3,0.0,0,0,0.0,1,6,7,4,0,2,2,4,14,9.0,1022100130,2025-08-10T09:31:49.095363,
1022100130,1611661320,Los Angeles,Sparks,LAS,sparks,201911.0,Kristi,Toliver,K. Toliver,kristi-toliver,G,,,38:40,4,15,0.267,1,8,0.125,2,2,1.0,1,1,2,3,2,0,1,1,11,0.0,1022100130,2025-08-10T09:31:49.095363,
1022100130,1611661320,Los Angeles,Sparks,LAS,sparks,204365.0,Erica,Wheeler,E. Wheeler,erica-wheeler,G,,,37:38,6,14,0.429,2,2,1.0,2,2,1.0,0,5,5,5,1,1,3,1,16,8.0,1022100130,2025-08-10T09:31:49.095363,
1022100130,1611661320,Los Angeles,Sparks,LAS,sparks,1630099.0,Te'a,Cooper,T. Cooper,tea-cooper,,,,13:20,0,5,0.0,0,3,0.0,0,0,0.0,0,0,0,1,1,0,1,3,0,-1.0,1022100130,2025-08-10T09:31:49.095363,
1022100130,1611661320,Los Angeles,Sparks,LAS,sparks,1628269.0,Nia,Coffey,N. Coffey,nia-coffey,,,,18:52,3,6,0.5,2,3,0.667,2,2,1.0,0,8,8,1,1,0,2,1,10,3.0,1022100130,2025-08-10T09:31:49.095363,
1022100130,1611661320,Los Angeles,Sparks,LAS,sparks,1630100.0,Lauren,Cox,L. Cox,lauren-cox,,,,14:13,2,3,0.667,0,0,0.0,0,0,0.0,2,4,6,1,1,2,2,2,4,-8.0,1022100130,2025-08-10T09:31:49.095363,
1022100130,1611661320,Los Angeles,Sparks,LAS,sparks,1630441.0,Arella,Guirantes,A. Guirantes,arella-guirantes,,DNP - Coach's Decision,,,0,0,0.0,0,0,0.0,0,0,0.0,0,0,0,0,0,0,0,0,0,0.0,1022100130,2025-08-10T09:31:49.095363,
1022100130,1611661320,Los Angeles,Sparks,LAS,sparks,1628317.0,Karlie,Samuelson,K. Samuelson,karlie-samuelson,,DNP - Coach's Decision,,,0,0,0.0,0,0,0.0,0,0,0.0,0,0,0,0,0,0,0,0,0,0.0,1022100130,2025-08-10T09:31:49.095363,
1022100130,1611661320,Los Angeles,Sparks,LAS,sparks,,,,,,,,,178:35,31,67,0.463,3,16,0.188,6,8,0.75,4,23,27,26,6,3,9,12,71,,1022100130,2025-08-10T09:31:49.095363,Starters
1022100130,1611661320,Los Angeles,Sparks,LAS,sparks,,,,,,,,,178:35,5,14,0.357,2,6,0.333,2,2,1.0,2,12,14,3,3,2,5,6,14,,1022100130,2025-08-10T09:31:49.095363,Bench
1022100130,1611661330,Atlanta,Dream,ATL,dream,,,,,,,,,166:01,26,66,0.394,5,13,0.385,4,12,0.333,10,24,34,17,6,2,9,7,61,,1022100130,2025-08-10T09:31:49.095363,Starters
1022100130,1611661330,Atlanta,Dream,ATL,dream,,,,,,,,,166:01,8,22,0.364,0,7,0.0,3,6,0.5,7,7,14,3,4,1,4,6,19,,1022100130,2025-08-10T09:31:49.095363,Bench
1022100130,1611661320,Los Angeles,Sparks,LAS,sparks,,,,,,,,,225:00,36,81,0.444,5,22,0.227,8,10,0.8,6,35,41,29,9,5,14,18,85,5.0,1022100130,2025-08-10T09:31:49.095363,
1022100130,1611661330,Atlanta,Dream,ATL,dream,,,,,,,,,225:00,34,88,0.386,5,20,0.25,7,18,0.389,17,31,48,20,10,3,13,13,80,-5.0,1022100130,2025-08-10T09:31:49.095363,
1042100211,1611661317,Phoenix,Mercury,PHO,mercury,1628915.0,Kia,Nurse,K. Nurse,kia-nurse,F,,,28:24,3,8,0.375,2,5,0.4,4,4,1.0,1,3,4,1,0,0,0,2,12,0.0,1042100211,2025-08-10T09:31:50.876960,
1042100211,1611661317,Phoenix,Mercury,PHO,mercury,1629488.0,Brianna,Turner,B. Turner,brianna-turner,F,,,33:06,6,10,0.6,0,0,0.0,0,0,0.0,4,8,12,3,1,3,0,4,12,-3.0,1042100211,2025-08-10T09:31:50.876960,
1042100211,1611661317,Phoenix,Mercury,PHO,mercury,203398.0,Brittney,Griner,B. Griner,brittney-griner,C,,,40:48,11,17,0.647,0,0,0.0,1,5,0.2,5,11,16,4,0,2,3,1,23,2.0,1042100211,2025-08-10T09:31:50.876960,
1042100211,1611661317,Phoenix,Mercury,PHO,mercury,100940.0,Diana,Taurasi,D. Taurasi,diana-taurasi,G,,,32:51,4,13,0.308,3,11,0.273,3,5,0.6,0,4,4,5,1,0,4,3,14,17.0,1042100211,2025-08-10T09:31:50.876960,
1042100211,1611661317,Phoenix,Mercury,PHO,mercury,203400.0,Skylar,Diggins-Smith,S. Diggins-Smith,skylar-diggins-smith,G,,,43:29,7,20,0.35,3,8,0.375,3,8,0.375,3,4,7,6,2,2,2,3,20,5.0,1042100211,2025-08-10T09:31:50.876960,
1042100211,1611661317,Phoenix,Mercury,PHO,mercury,203035.0,Shey,Peddy,S. Peddy,shey-peddy,,,,21:15,0,4,0.0,0,2,0.0,0,0,0.0,1,1,2,3,4,0,0,4,0,2.0,1042100211,2025-08-10T09:31:50.876960,
1042100211,1611661317,Phoenix,Mercury,PHO,mercury,1629482.0,Sophie,Cunningham,S. Cunningham,sophie-cunningham,,,,9:02,0,2,0.0,0,2,0.0,0,0,0.0,0,3,3,0,0,1,0,1,0,-9.0,1042100211,2025-08-10T09:31:50.876960,
1042100211,1611661317,Phoenix,Mercury,PHO,mercury,201913.0,Kia,Vaughn,K. Vaughn,kia-vaughn,,,,16:06,1,5,0.2,0,1,0.0,2,2,1.0,0,0,0,0,0,0,1,0,4,11.0,1042100211,2025-08-10T09:31:50.876960,
1042100211,1611661317,Phoenix,Mercury,PHO,mercury,203829.0,Bria,Hartley,B. Hartley,bria-hartley,,DNP - Coach's Decision,,,0,0,0.0,0,0,0.0,0,0,0.0,0,0,0,0,0,0,0,0,0,0.0,1042100211,2025-08-10T09:31:50.876960,
1042100211,1611661317,Phoenix,Mercury,PHO,mercury,1629501.0,Alanna,Smith,A. Smith,alanna-smith,,DNP - Coach's Decision,,,0,0,0.0,0,0,0.0,0,0,0.0,0,0,0,0,0,0,0,0,0,0.0,1042100211,2025-08-10T09:31:50.876960,
1042100211,1611661317,Phoenix,Mercury,PHO,mercury,1630136.0,Megan,Walker,M. Walker,megan-walker,,DNP - Coach's Decision,,,0,0,0.0,0,0,0.0,0,0,0.0,0,0,0,0,0,0,0,0,0,0.0,1042100211,2025-08-10T09:31:50.876960,
1042100211,1611661328,Seattle,Storm,SEA,storm,1629478.0,Katie Lou,Samuelson,K. Samuelson,katie-lou-samuelson,F,,,34:50,6,10,0.6,4,6,0.667,2,2,1.0,0,5,5,0,1,0,1,5,18,-2.0,1042100211,2025-08-10T09:31:50.876960,
1042100211,1611661328,Seattle,Storm,SEA,storm,1629496.0,Ezi,Magbegor,E. Magbegor,ezi-magbegor,F,,,30:41,4,9,0.444,1,1,1.0,0,0,0.0,3,6,9,2,0,1,1,5,9,-7.0,1042100211,2025-08-10T09:31:50.876960,
1042100211,1611661328,Seattle,Storm,SEA,storm,1628920.0,Mercedes,Russell,M. Russell,mercedes-russell,C,,,44:59,5,9,0.556,0,0,0.0,0,0,0.0,2,10,12,4,0,2,0,2,10,-5.0,1042100211,2025-08-10T09:31:50.876960,
1042100211,1611661328,Seattle,Storm,SEA,storm,204319.0,Jewell,Loyd,J. Loyd,jewell-loyd,G,,,36:01,5,24,0.208,0,7,0.0,5,5,1.0,0,3,3,5,1,2,3,5,15,3.0,1042100211,2025-08-10T09:31:50.876960,
1042100211,1611661328,Seattle,Storm,SEA,storm,100720.0,Sue,Bird,S. Bird,sue-bird,G,,,36:43,5,12,0.417,4,8,0.5,2,2,1.0,0,3,3,5,1,0,2,1,16,7.0,1042100211,2025-08-10T09:31:50.876960,
1042100211,1611661328,Seattle,Storm,SEA,storm,1629568.0,Kennedy,Burke,K. Burke,kennedy-burke,,,,4:42,0,0,0.0,0,0,0.0,0,0,0.0,0,3,3,0,0,0,1,0,0,-4.0,1042100211,2025-08-10T09:31:50.876960,
1042100211,1611661328,Seattle,Storm,SEA,storm,203855.0,Stephanie,Talbot,S. Talbot,stephanie-talbot,,,,17:19,3,6,0.5,0,2,0.0,0,1,0.0,1,3,4,0,1,1,0,2,6,3.0,1042100211,2025-08-10T09:31:50.876960,
1042100211,1611661328,Seattle,Storm,SEA,storm,1628886.0,Jordin,Canada,J. Canada,jordin-canada,,,,10:18,0,3,0.0,0,0,0.0,6,6,1.0,0,0,0,2,1,0,3,0,6,-10.0,1042100211,2025-08-10T09:31:50.876960,
1042100211,1611661328,Seattle,Storm,SEA,storm,202259.0,Epiphanny,Prince,E. Prince,epiphanny-prince,,,,9:27,0,3,0.0,0,1,0.0,0,0,0.0,0,0,0,1,0,1,2,1,0,-10.0,1042100211,2025-08-10T09:31:50.876960,
1042100211,1611661328,Seattle,Storm,SEA,storm,204332.0,Cierra,Burdick,C. Burdick,cierra-burdick,,DNP - Coach's Decision,,,0,0,0.0,0,0,0.0,0,0,0.0,0,0,0,0,0,0,0,0,0,0.0,1042100211,2025-08-10T09:31:50.876960,
1042100211,1611661328,Seattle,Storm,SEA,storm,1628317.0,Karlie,Samuelson,K. Samuelson,karlie-samuelson,,DNP - Coach's Decision,,,0,0,0.0,0,0,0.0,0,0,0.0,0,0,0,0,0,0,0,0,0,0.0,1042100211,2025-08-10T09:31:50.876960,
1042100211,1611661328,Seattle,Storm,SEA,storm,1627668.0,Breanna,Stewart,B. Stewart,breanna-stewart,,DND - Injury/Illness,,,0,0,0.0,0,0,0.0,0,0,0.0,0,0,0,0,0,0,0,0,0,0.0,1042100211,2025-08-10T09:31:50.876960,
1042100211,1611661328,Seattle,Storm,SEA,storm,,,,,,,,,183:14,25,64,0.391,9,22,0.409,9,9,1.0,5,27,32,16,3,5,7,18,68,,1042100211,2025-08-10T09:31:50.884510,Starters
1042100211,1611661328,Seattle,Storm,SEA,storm,,,,,,,,,183:14,3,12,0.25,0,3,0.0,6,7,0.857,1,6,7,3,2,2,6,3,12,,1042100211,2025-08-10T09:31:50.884510,Bench
1042100211,1611661317,Phoenix,Mercury,PHO,mercury,,,,,,,,,178:38,31,68,0.456,8,24,0.333,11,22,0.5,13,30,43,19,4,7,9,13,81,,1042100211,2025-08-10T09:31:50.884510,Starters
1042100211,1611661317,Phoenix,Mercury,PHO,mercury,,,,,,,,,178:38,1,11,0.091,0,5,0.0,2,2,1.0,1,4,5,3,4,1,1,5,4,,1042100211,2025-08-10T09:31:50.884510,Bench
1042100211,1611661328,Seattle,Storm,SEA,storm,,,,,,,,,225:00,28,76,0.368,9,25,0.36,15,16,0.938,6,33,39,19,5,7,13,21,80,-5.0,1042100211,2025-08-10T09:31:50.884510,
1042100211,1611661317,Phoenix,Mercury,PHO,mercury,,,,,,,,,225:00,32,79,0.405,8,29,0.276,13,24,0.542,14,34,48,22,8,8,10,18,85,5.0,1042100211,2025-08-10T09:31:50.884510,
2022200341,1612709893,Cleveland,Charge,CLC,charge,1630691.0,Jamorko,Pickett,J. Pickett,jamorko-pickett,F,,,40:39,10,17,0.588,1,8,0.125,1,1,1.0,2,8,10,1,0,0,2,4,22,-1.0,2022200341,2025-08-10T09:31:54.835802,
2022200341,1612709893,Cleveland,Charge,CLC,charge,1629603.0,Mamadi,Diakite,M. Diakite,mamadi-diakite,F,,,39:10,10,17,0.588,5,11,0.455,1,2,0.5,5,6,11,3,0,3,2,2,27,-2.0,2022200341,2025-08-10T09:31:54.835802,
2022200341,1612709893,Cleveland,Charge,CLC,charge,1630600.0,Isaiah,Mobley,I. Mobley,isaiah-mobley,C,,,33:02,6,16,0.375,2,5,0.4,2,4,0.5,4,5,9,5,1,1,5,4,17,-10.0,2022200341,2025-08-10T09:31:54.835802,
2022200341,1612709893,Cleveland,Charge,CLC,charge,1630207.0,Nate,Hinton,N. Hinton,nate-hinton,G,,,30:13,1,7,0.143,1,3,0.333,1,1,1.0,3,4,7,1,2,0,1,2,5,-8.0,2022200341,2025-08-10T09:31:54.835802,
2022200341,1612709893,Cleveland,Charge,CLC,charge,1630536.0,Sharife,Cooper,S. Cooper,sharife-cooper,G,,,32:14,7,21,0.333,2,9,0.222,2,3,0.667,1,2,3,10,0,0,3,6,20,-10.0,2022200341,2025-08-10T09:31:54.835802,
2022200341,1612709893,Cleveland,Charge,CLC,charge,1629685.0,Dylan,Windler,D. Windler,dylan-windler,,,,6:00,0,1,0.0,0,1,0.0,0,0,0.0,0,0,0,0,0,0,0,0,0,-5.0,2022200341,2025-08-10T09:31:54.835802,
2022200341,1612709893,Cleveland,Charge,CLC,charge,1629713.0,Justin,James,J. James,justin-james,,,,15:08,1,5,0.2,0,2,0.0,0,0,0.0,0,2,2,0,0,0,1,3,2,-1.0,2022200341,2025-08-10T09:31:54.835802,
2022200341,1612709893,Cleveland,Charge,CLC,charge,1630771.0,Blake,Francis,B. Francis,blake-francis,,,,4:10,1,2,0.5,1,1,1.0,0,0,0.0,0,0,0,1,0,0,1,0,3,3.0,2022200341,2025-08-10T09:31:54.835802,
2022200341,1612709893,Cleveland,Charge,CLC,charge,1631436.0,Gabe,Osabuohien,G. Osabuohien,gabe-osabuohien,,,,13:27,0,1,0.0,0,0,0.0,1,1,1.0,3,1,4,1,1,0,0,2,2,8.0,2022200341,2025-08-10T09:31:54.835802,
2022200341,1612709893,Cleveland,Charge,CLC,charge,1631341.0,Chandler,Vaudrin,C. Vaudrin,chandler-vaudrin,,,,11:46,0,1,0.0,0,0,0.0,0,0,0.0,1,1,2,6,0,0,1,1,0,-2.0,2022200341,2025-08-10T09:31:54.835802,
2022200341,1612709893,Cleveland,Charge,CLC,charge,1630675.0,Devontae,Shuler,D. Shuler,devontae-shuler,,,,6:15,4,9,0.444,1,3,0.333,0,0,0.0,1,0,1,1,1,0,0,0,9,7.0,2022200341,2025-08-10T09:31:54.835802,
2022200341,1612709893,Cleveland,Charge,CLC,charge,1626173.0,Rashad,Vaughn,R. Vaughn,rashad-vaughn,,,,7:55,1,4,0.25,1,3,0.333,0,0,0.0,0,0,0,1,0,0,0,1,3,-4.0,2022200341,2025-08-10T09:31:54.835802,
2022200341,1612709893,Cleveland,Charge,CLC,charge,1629712.0,Didi,Louzada,D. Louzada,didi-louzada,,DNP - Injury/Illness,,,0,0,0.0,0,0,0.0,0,0,0.0,0,0,0,0,0,0,0,0,0,0.0,2022200341,2025-08-10T09:31:54.835802,
2022200341,1612709893,Cleveland,Charge,CLC,charge,1630241.0,Sam,Merrill,S. Merrill,sam-merrill,,DNP - Coach's Decision,,,0,0,0.0,0,0,0.0,0,0,0.0,0,0,0,0,0,0,0,0,0,0.0,2022200341,2025-08-10T09:31:54.835802,
2022200341,1612709902,Santa Cruz,Warriors,SCW,warriors,1630648.0,Jordan,Schakel,J. Schakel,jordan-schakel,F,,,30:37,3,6,0.5,1,3,0.333,2,2,1.0,2,6,8,3,0,0,1,1,11,4.0,2022200341,2025-08-10T09:31:54.835802,
2022200341,1612709902,Santa Cruz,Warriors,SCW,warriors,1630605.0,JaQuori,McLaughlin,J. McLaughlin,jaquori-mclaughlin,F,,,22:53,4,7,0.571,3,5,0.6,1,1,1.0,0,0,0,2,0,0,3,3,13,13.0,2022200341,2025-08-10T09:31:54.835802,
2022200341,1612709902,Santa Cruz,Warriors,SCW,warriors,1631384.0,Jayce,Johnson,J. Johnson,jayce-johnson,C,,,24:29,1,3,0.333,0,0,0.0,0,0,0.0,2,7,9,2,1,1,1,6,2,12.0,2022200341,2025-08-10T09:31:54.835802,
2022200341,1612709902,Santa Cruz,Warriors,SCW,warriors,1631311.0,Lester,Quinones,L. Quinones,lester-quinones,G,,,31:05,10,23,0.435,4,13,0.308,4,5,0.8,2,9,11,4,0,0,3,2,32,12.0,2022200341,2025-08-10T09:31:54.835802,
2022200341,1612709902,Santa Cruz,Warriors,SCW,warriors,1629010.0,Jerome,Robinson,J. Robinson,jerome-robinson,G,,,33:16,7,11,0.636,2,5,0.4,2,3,0.667,0,3,3,6,4,0,2,4,19,1.0,2022200341,2025-08-10T09:31:54.835802,
2022200341,1612709902,Santa Cruz,Warriors,SCW,warriors,1628605.0,Dusty,Hannahs,D. Hannahs,dusty-hannahs,,,,22:59,4,10,0.4,1,5,0.2,2,3,0.667,1,2,3,1,0,0,3,4,12,7.0,2022200341,2025-08-10T09:31:54.835802,
2022200341,1612709902,Santa Cruz,Warriors,SCW,warriors,1630289.0,Elijah,Pemberton,E. Pemberton,elijah-pemberton,,,,25:56,5,8,0.625,2,4,0.5,2,2,1.0,2,5,7,2,0,0,1,2,14,-10.0,2022200341,2025-08-10T09:31:54.835802,
2022200341,1612709902,Santa Cruz,Warriors,SCW,warriors,1630601.0,EJ,Onu,E. Onu,ej-onu,,,,21:07,1,3,0.333,0,2,0.0,1,1,1.0,0,4,4,0,0,2,0,1,4,-8.0,2022200341,2025-08-10T09:31:54.835802,
2022200341,1612709902,Santa Cruz,Warriors,SCW,warriors,1631443.0,Armon,Fletcher,A. Fletcher,armon-fletcher,,,,11:31,2,4,0.5,1,2,0.5,0,0,0.0,1,1,2,0,0,0,1,0,5,7.0,2022200341,2025-08-10T09:31:54.835802,
2022200341,1612709902,Santa Cruz,Warriors,SCW,warriors,1631253.0,Hyunjung,Lee,H. Lee,hyunjung-lee,,,,16:07,1,6,0.167,1,6,0.167,0,1,0.0,0,2,2,2,2,1,1,1,3,-13.0,2022200341,2025-08-10T09:31:54.835802,
2022200341,1612709902,Santa Cruz,Warriors,SCW,warriors,1629660.0,Ty,Jerome,T. Jerome,ty-jerome,,NWT - Not With Team,,,0,0,0.0,0,0,0.0,0,0,0.0,0,0,0,0,0,0,0,0,0,0.0,2022200341,2025-08-10T09:31:54.835802,
2022200341,1612709902,Santa Cruz,Warriors,SCW,warriors,1630237.0,Anthony,Lamb,A. Lamb,anthony-lamb,,NWT - Not With Team,,,0,0,0.0,0,0,0.0,0,0,0.0,0,0,0,0,0,0,0,0,0,0.0,2022200341,2025-08-10T09:31:54.835802,
2022200341,1612709902,Santa Cruz,Warriors,SCW,warriors,1630807.0,Ikenna,Ndugba,I. Ndugba,ikenna-ndugba,,DNP - Injury/Illness,,,0,0,0.0,0,0,0.0,0,0,0.0,0,0,0,0,0,0,0,0,0,0.0,2022200341,2025-08-10T09:31:54.835802,
2022200341,1612709902,Santa Cruz,Warriors,SCW,warriors,,,,,,,,,142:20,25,50,0.5,10,26,0.385,9,11,0.818,6,25,31,17,5,1,10,16,77,,2022200341,2025-08-10T09:31:54.835802,Starters
2022200341,1612709902,Santa Cruz,Warriors,SCW,warriors,,,,,,,,,142:20,13,31,0.419,5,19,0.263,5,7,0.714,4,14,18,5,2,3,6,8,38,,2022200341,2025-08-10T09:31:54.835802,Bench
2022200341,1612709893,Cleveland,Charge,CLC,charge,,,,,,,,,175:18,34,78,0.436,11,36,0.306,7,11,0.636,15,25,40,20,3,4,13,18,91,,2022200341,2025-08-10T09:31:54.835802,Starters
2022200341,1612709893,Cleveland,Charge,CLC,charge,,,,,,,,,175:18,7,23,0.304,3,10,0.3,1,1,1.0,5,4,9,10,2,0,3,7,19,,2022200341,2025-08-10T09:31:54.835802,Bench
2022200341,1612709902,Santa Cruz,Warriors,SCW,warriors,,,,,,,,,240:00,38,81,0.469,15,45,0.333,14,18,0.778,10,39,49,22,7,4,16,24,115,5.0,2022200341,2025-08-10T09:31:54.835802,
2022200341,1612709893,Cleveland,Charge,CLC,charge,,,,,,,,,240:00,41,101,0.406,14,46,0.304,8,12,0.667,20,29,49,30,5,4,16,25,110,-5.0,2022200341,2025-08-10T09:31:54.835802,
2022100269,1612709889,Oklahoma City,Blue,OKL,blue,1627771.0,Michael,Gbinije,M. Gbinije,michael-gbinije,F,,,34:04,4,8,0.5,3,6,0.5,1,1,1.0,1,4,5,5,1,2,1,0,13,27.0,2022100269,2025-08-10T09:31:56.695080,
2022100269,1612709889,Oklahoma City,Blue,OKL,blue,203816.0,Scotty,Hopson,S. Hopson,scotty-hopson,F,,,32:37,8,15,0.533,0,0,0.0,0,0,0.0,2,3,5,4,2,0,4,0,16,14.0,2022100269,2025-08-10T09:31:56.695080,
2022100269,1612709889,Oklahoma City,Blue,OKL,blue,1628391.0,D.J.,Wilson,D. Wilson,dj-wilson,C,,,29:01,9,18,0.5,1,5,0.2,1,2,0.5,3,10,13,5,1,2,3,5,20,7.0,2022100269,2025-08-10T09:31:56.695080,
2022100269,1612709889,Oklahoma City,Blue,OKL,blue,1630306.0,Rob,Edwards,R. Edwards,rob-edwards,G,,,33:25,6,16,0.375,5,11,0.455,1,1,1.0,0,6,6,3,2,0,1,2,18,15.0,2022100269,2025-08-10T09:31:56.695080,
2022100269,1612709889,Oklahoma City,Blue,OKL,blue,1630285.0,Zavier,Simpson,Z. Simpson,zavier-simpson,G,,,39:11,7,12,0.583,2,4,0.5,1,1,1.0,2,5,7,7,0,1,5,0,18,38.0,2022100269,2025-08-10T09:31:56.695080,
2022100269,1612709889,Oklahoma City,Blue,OKL,blue,1630686.0,Georgios,Kalaitzakis,B. Kalaitzakis,georgios-kalaitzakis,,,,33:52,6,12,0.5,3,7,0.429,3,4,0.75,1,9,10,2,3,0,2,3,19,20.0,2022100269,2025-08-10T09:31:56.695080,
2022100269,1612709889,Oklahoma City,Blue,OKL,blue,1629658.0,Jaylen,Hoard,J. Hoard,jaylen-hoard,,,,18:57,3,4,0.75,0,0,0.0,1,3,0.333,3,7,10,2,1,0,1,3,8,22.0,2022100269,2025-08-10T09:31:56.695080,
2022100269,1612709889,Oklahoma City,Blue,OKL,blue,1630845.0,Justin,Jaworski,J. Jaworski,justin-jaworski,,,,18:53,0,8,0.0,0,5,0.0,2,2,1.0,0,5,5,1,2,0,0,1,4,2.0,2022100269,2025-08-10T09:31:56.695080,
2022100269,1612709889,Oklahoma City,Blue,OKL,blue,1628982.0,Melvin,Frazier Jr.,M. Frazier Jr.,melvin-frazier-jr,,DND - Injury/Illness,,,0,0,0.0,0,0,0.0,0,0,0.0,0,0,0,0,0,0,0,0,0,0.0,2022100269,2025-08-10T09:31:56.695080,
2022100269,1612709889,Oklahoma City,Blue,OKL,blue,1630846.0,Olivier,Sarr,O. Sarr,olivier-sarr,,DND - Injury/Illness,,,0,0,0.0,0,0,0.0,0,0,0.0,0,0,0,0,0,0,0,0,0,0.0,2022100269,2025-08-10T09:31:56.695080,
2022100269,1612709926,Memphis,Hustle,MHU,hustle,1629783.0,Shaq,Buchanan,S. Buchanan,shaq-buchanan,F,,,34:39,5,14,0.357,2,6,0.333,1,2,0.5,0,0,0,2,2,1,5,0,14,-30.0,2022100269,2025-08-10T09:31:56.695080,
2022100269,1612709926,Memphis,Hustle,MHU,hustle,1629681.0,Killian,Tillie,K. Tillie,killian-tillie,F,,,24:59,5,9,0.556,0,2,0.0,0,0,0.0,0,3,3,0,2,1,0,2,10,-19.0,2022100269,2025-08-10T09:31:56.695080,
2022100269,1612709926,Memphis,Hustle,MHU,hustle,1630583.0,Santi,Aldama,S. Aldama,santi-aldama,C,,,27:22,5,14,0.357,1,3,0.333,4,4,1.0,7,3,10,2,0,0,2,3,19,-16.0,2022100269,2025-08-10T09:31:56.695080,
2022100269,1612709926,Memphis,Hustle,MHU,hustle,1630179.0,Tyrell,Terry,T. Terry,tyrell-terry,G,,,33:13,1,14,0.071,1,5,0.2,0,1,0.0,2,1,3,5,0,0,1,1,3,-15.0,2022100269,2025-08-10T09:31:56.695080,
2022100269,1612709926,Memphis,Hustle,MHU,hustle,1629958.0,Ahmad,Caver,A. Caver,ahmad-caver,G,,,37:08,4,14,0.286,1,5,0.2,3,3,1.0,0,4,4,6,2,0,2,1,14,-33.0,2022100269,2025-08-10T09:31:56.695080,
2022100269,1612709926,Memphis,Hustle,MHU,hustle,203687.0,Reggie,Hearn,R. Hearn,reggie-hearn,,,,19:36,4,10,0.4,1,3,0.333,1,1,1.0,1,5,6,2,0,0,2,3,10,-2.0,2022100269,2025-08-10T09:31:56.695080,
2022100269,1612709926,Memphis,Hustle,MHU,hustle,1630601.0,EJ,Onu,E. Onu,ej-onu,,,,19:37,0,4,0.0,0,1,0.0,0,1,0.0,1,6,7,0,1,2,1,2,0,-7.0,2022100269,2025-08-10T09:31:56.695080,
2022100269,1612709926,Memphis,Hustle,MHU,hustle,1630753.0,Cameron,Young,C. Young,cameron-young,,,,27:23,5,12,0.417,1,8,0.125,0,0,0.0,0,4,4,0,2,1,1,2,11,-20.0,2022100269,2025-08-10T09:31:56.695080,
2022100269,1612709926,Memphis,Hustle,MHU,hustle,1628500.0,Ben,Moore,B. Moore,ben-moore,,,,16:03,3,5,0.6,0,0,0.0,0,1,0.0,3,10,13,0,0,0,1,0,6,-3.0,2022100269,2025-08-10T09:31:56.695080,
2022100269,1612709926,Memphis,Hustle,MHU,hustle,1630315.0,Darnell,Cowart,D. Cowart,darnell-cowart,,DNP - Coach's Decision,,,0,0,0.0,0,0,0.0,0,0,0.0,0,0,0,0,0,0,0,0,0,0.0,2022100269,2025-08-10T09:31:56.695080,
2022100269,1612709926,Memphis,Hustle,MHU,hustle,1630273.0,Freddie,Gillespie,F. Gillespie,freddie-gillespie,,DND - Injury/Illness,,,0,0,0.0,0,0,0.0,0,0,0.0,0,0,0,0,0,0,0,0,0,0.0,2022100269,2025-08-10T09:31:56.695080,
2022100269,1612709926,Memphis,Hustle,MHU,hustle,1630253.0,Sean,McDermott,S. McDermott,sean-mcdermott,,DND - Injury/Illness,,,0,0,0.0,0,0,0.0,0,0,0.0,0,0,0,0,0,0,0,0,0,0.0,2022100269,2025-08-10T09:31:56.695080,
2022100269,1612709926,Memphis,Hustle,MHU,hustle,204065.0,David,Stockton,D. Stockton,david-stockton,,NWT - Personal,,,0,0,0.0,0,0,0.0,0,0,0.0,0,0,0,0,0,0,0,0,0,0.0,2022100269,2025-08-10T09:31:56.695080,
2022100269,1612709926,Memphis,Hustle,MHU,hustle,,,,,,,,,157:21,20,65,0.308,5,21,0.238,8,10,0.8,9,11,20,15,6,2,10,7,60,,2022100269,2025-08-10T09:31:56.695080,Starters
2022100269,1612709926,Memphis,Hustle,MHU,hustle,,,,,,,,,157:21,12,31,0.387,2,12,0.167,1,3,0.333,5,25,30,2,3,3,5,7,27,,2022100269,2025-08-10T09:31:56.695080,Bench
2022100269,1612709889,Oklahoma City,Blue,OKL,blue,,,,,,,,,168:18,34,69,0.493,11,26,0.423,4,5,0.8,8,28,36,24,6,5,14,7,85,,2022100269,2025-08-10T09:31:56.695080,Starters
2022100269,1612709889,Oklahoma City,Blue,OKL,blue,,,,,,,,,168:18,9,24,0.375,3,12,0.25,6,9,0.667,4,21,25,5,6,0,3,7,31,,2022100269,2025-08-10T09:31:56.695080,Bench
2022100269,1612709926,Memphis,Hustle,MHU,hustle,,,,,,,,,240:00,32,96,0.333,7,33,0.212,9,13,0.692,14,36,50,17,9,5,15,14,87,-29.0,2022100269,2025-08-10T09:31:56.695080,
2022100269,1612709889,Oklahoma City,Blue,OKL,blue,,,,,,,,,240:00,43,93,0.462,14,38,0.368,10,14,0.714,12,49,61,29,12,5,17,14,116,29.0,2022100269,2025-08-10T09:31:56.695080,
2022200111,1612709917,Grand Rapids,Gold,GRG,gold,1631317.0,Adonis,Arms,A. Arms,adonis-arms,F,,,35:18,6,15,0.4,0,3,0.0,4,4,1.0,5,9,14,5,3,0,1,4,19,4.0,2022200111,2025-08-10T09:32:02.816966,
2022200111,1612709917,Grand Rapids,Gold,GRG,gold,1630720.0,Manny,Camper,M. Camper,manny-camper,F,,,34:21,2,5,0.4,2,2,1.0,0,1,0.0,0,6,6,0,0,1,1,3,6,-5.0,2022200111,2025-08-10T09:32:02.816966,
2022200111,1612709917,Grand Rapids,Gold,GRG,gold,1631371.0,Grant,Golden,G. Golden,grant-golden,C,,,36:31,4,12,0.333,0,0,0.0,3,3,1.0,1,10,11,1,0,1,4,2,13,-4.0,2022200111,2025-08-10T09:32:02.816966,
2022200111,1612709917,Grand Rapids,Gold,GRG,gold,1630215.0,Jared,Butler,J. Butler,jared-butler,G,,,34:14,7,14,0.5,3,8,0.375,3,3,1.0,0,5,5,5,2,1,3,3,21,-4.0,2022200111,2025-08-10T09:32:02.816966,
2022200111,1612709917,Grand Rapids,Gold,GRG,gold,1626184.0,Chasson,Randle,C. Randle,chasson-randle,G,,,34:25,5,13,0.385,1,7,0.143,1,3,0.333,0,1,1,2,2,0,3,3,13,-4.0,2022200111,2025-08-10T09:32:02.816966,
2022200111,1612709917,Grand Rapids,Gold,GRG,gold,1630706.0,Bryce,Wills,B. Wills,bryce-wills,,,,22:09,0,5,0.0,0,3,0.0,1,1,1.0,0,5,5,0,1,1,2,2,2,-18.0,2022200111,2025-08-10T09:32:02.816966,
2022200111,1612709917,Grand Rapids,Gold,GRG,gold,1628979.0,Trevon,Duval,T. Duval,trevon-duval,,,,18:03,2,6,0.333,0,2,0.0,1,1,1.0,0,2,2,2,0,0,4,2,6,-18.0,2022200111,2025-08-10T09:32:02.816966,
2022200111,1612709917,Grand Rapids,Gold,GRG,gold,1630732.0,Lacey,James,L. James,lacey-james,,,,8:56,0,1,0.0,0,0,0.0,0,1,0.0,2,1,3,0,0,0,3,2,0,-7.0,2022200111,2025-08-10T09:32:02.816966,
2022200111,1612709917,Grand Rapids,Gold,GRG,gold,202708.0,Norris,Cole,N. Cole,norris-cole,,,,16:03,2,7,0.286,1,2,0.5,0,0,0.0,0,1,1,0,0,1,0,0,5,1.0,2022200111,2025-08-10T09:32:02.816966,
2022200111,1612709917,Grand Rapids,Gold,GRG,gold,1631221.0,Collin,Gillespie,C. Gillespie,collin-gillespie,,NWT - Not With Team,,,0,0,0.0,0,0,0.0,0,0,0.0,0,0,0,0,0,0,0,0,0,0.0,2022200111,2025-08-10T09:32:02.816966,
2022200111,1612709917,Grand Rapids,Gold,GRG,gold,1631242.0,Kellan,Grady,K. Grady,kellan-grady,,DND - Injury/Illness,,,0,0,0.0,0,0,0.0,0,0,0.0,0,0,0,0,0,0,0,0,0,0.0,2022200111,2025-08-10T09:32:02.816966,
2022200111,1612709917,Grand Rapids,Gold,GRG,gold,1631298.0,Jack,White,J. White,jack-white,,NWT - Not With Team,,,0,0,0.0,0,0,0.0,0,0,0.0,0,0,0,0,0,0,0,0,0,0.0,2022200111,2025-08-10T09:32:02.816966,
2022200111,1612709921,Long Island,Nets,LIN,nets,1630561.0,David,Duke Jr.,D. Duke Jr.,david-duke-jr,F,,,35:35,8,16,0.5,2,5,0.4,5,6,0.833,1,5,6,5,1,1,5,1,28,18.0,2022200111,2025-08-10T09:32:02.816966,
2022200111,1612709921,Long Island,Nets,LIN,nets,1630556.0,Kessler,Edwards,K. Edwards,kessler-edwards,F,,,32:12,3,10,0.3,0,4,0.0,2,2,1.0,2,2,4,1,0,2,1,2,9,-4.0,2022200111,2025-08-10T09:32:02.816966,
2022200111,1612709921,Long Island,Nets,LIN,nets,1630549.0,Day'Ron,Sharpe,D. Sharpe,dayron-sharpe,C,,,29:27,5,10,0.5,0,1,0.0,0,1,0.0,3,9,12,3,1,2,2,3,10,-2.0,2022200111,2025-08-10T09:32:02.816966,
2022200111,1612709921,Long Island,Nets,LIN,nets,1630275.0,Jordan,Bowden,J. Bowden,jordan-bowden,G,,,32:25,6,13,0.462,3,8,0.375,2,4,0.5,0,1,1,3,1,0,1,5,17,6.0,2022200111,2025-08-10T09:32:02.816966,
2022200111,1612709921,Long Island,Nets,LIN,nets,1629185.0,Chris,Chiozza,C. Chiozza,chris-chiozza,G,,,28:16,2,5,0.4,1,3,0.333,0,1,0.0,1,8,9,5,4,3,2,4,5,1.0,2022200111,2025-08-10T09:32:02.816966,
2022200111,1612709921,Long Island,Nets,LIN,nets,1630696.0,Dru,Smith,D. Smith,dru-smith,,,,32:56,5,14,0.357,3,7,0.429,0,0,0.0,0,2,2,6,3,1,3,2,13,10.0,2022200111,2025-08-10T09:32:02.816966,
2022200111,1612709921,Long Island,Nets,LIN,nets,1629800.0,Kavion,Pippen,K. Pippen,kavion-pippen,,,,6:40,1,1,1.0,0,0,0.0,0,0,0.0,0,1,1,0,0,0,1,1,2,1.0,2022200111,2025-08-10T09:32:02.816966,
2022200111,1612709921,Long Island,Nets,LIN,nets,1631413.0,Trey,McGowens,T. McGowens,trey-mcgowens,,,,7:50,0,2,0.0,0,0,0.0,0,0,0.0,0,1,1,2,1,0,3,2,0,-6.0,2022200111,2025-08-10T09:32:02.816966,
2022200111,1612709921,Long Island,Nets,LIN,nets,1629232.0,Kaiser,Gates,K. Gates,kaiser-gates,,,,17:20,3,7,0.429,2,3,0.667,1,1,1.0,1,3,4,0,0,1,0,2,10,21.0,2022200111,2025-08-10T09:32:02.816966,
2022200111,1612709921,Long Island,Nets,LIN,nets,1631452.0,Noah,Kirkwood,N. Kirkwood,noah-kirkwood,,,,17:19,1,6,0.167,0,2,0.0,0,0,0.0,0,5,5,2,0,0,0,3,2,10.0,2022200111,2025-08-10T09:32:02.816966,
2022200111,1612709921,Long Island,Nets,LIN,nets,1626203.0,Treveon,Graham,T. Graham,treveon-graham,,DNP - Coach's Decision,,,0,0,0.0,0,0,0.0,0,0,0.0,0,0,0,0,0,0,0,0,0,0.0,2022200111,2025-08-10T09:32:02.816966,
2022200111,1612709921,Long Island,Nets,LIN,nets,1630564.0,RaiQuan,Gray,R. Gray,raiquan-gray,,DND - Injury/Illness,,,0,0,0.0,0,0,0.0,0,0,0.0,0,0,0,0,0,0,0,0,0,0.0,2022200111,2025-08-10T09:32:02.816966,
2022200111,1612709921,Long Island,Nets,LIN,nets,1631410.0,Kam,Hankerson,K. Hankerson,kam-hankerson,,DNP - Coach's Decision,,,0,0,0.0,0,0,0.0,0,0,0.0,0,0,0,0,0,0,0,0,0,0.0,2022200111,2025-08-10T09:32:02.816966,
2022200111,1612709921,Long Island,Nets,LIN,nets,1630672.0,Brandon,Rachal,B. Rachal,brandon-rachal,,DND - Injury/Illness,,,0,0,0.0,0,0,0.0,0,0,0.0,0,0,0,0,0,0,0,0,0,0.0,2022200111,2025-08-10T09:32:02.816966,
2022200111,1612709921,Long Island,Nets,LIN,nets,1631495.0,Donovan,Williams,D. Williams,donovan-williams,,NWT - Not With Team,,,0,0,0.0,0,0,0.0,0,0,0.0,0,0,0,0,0,0,0,0,0,0.0,2022200111,2025-08-10T09:32:02.816966,
2022200111,1612709921,Long Island,Nets,LIN,nets,,,,,,,,,157:55,24,54,0.444,6,21,0.286,9,14,0.643,7,25,32,17,7,8,11,15,69,,2022200111,2025-08-10T09:32:02.816966,Starters
2022200111,1612709921,Long Island,Nets,LIN,nets,,,,,,,,,157:55,10,30,0.333,5,12,0.417,1,1,1.0,1,12,13,10,4,2,7,10,27,,2022200111,2025-08-10T09:32:02.816966,Bench
2022200111,1612709917,Grand Rapids,Gold,GRG,gold,,,,,,,,,174:49,24,59,0.407,6,20,0.3,11,14,0.786,6,31,37,13,7,3,12,15,72,,2022200111,2025-08-10T09:32:02.816966,Starters
2022200111,1612709917,Grand Rapids,Gold,GRG,gold,,,,,,,,,174:49,4,19,0.211,1,7,0.143,2,3,0.667,2,9,11,2,1,2,9,6,13,,2022200111,2025-08-10T09:32:02.816966,Bench
2022200111,1612709921,Long Island,Nets,LIN,nets,,,,,,,,,240:00,34,84,0.405,11,33,0.333,10,15,0.667,8,37,45,27,11,10,18,25,96,11.0,2022200111,2025-08-10T09:32:02.816966,
2022200111,1612709917,Grand Rapids,Gold,GRG,gold,,,,,,,,,240:00,28,78,0.359,7,27,0.259,13,17,0.765,8,40,48,15,8,5,21,21,85,-11.0,2022200111,2025-08-10T09:32:02.816966,
1022400134,1611661319,Las Vegas,Aces,LVA,aces,1629498.0,Jackie,Young,J. Young,jackie-young,F,,,34:46,6,13,0.462,4,8,0.5,3,4,0.75,0,4,4,6,0,0,3,2,19,21.0,1022400134,2025-08-10T09:32:04.595247,
1022400134,1611661319,Las Vegas,Aces,LVA,aces,1628932.0,A'ja,Wilson,A. Wilson,aja-wilson,F,,,37:20,13,23,0.565,3,4,0.75,4,4,1.0,2,16,18,1,3,5,0,2,33,22.0,1022400134,2025-08-10T09:32:04.595247,
1022400134,1611661319,Las Vegas,Aces,LVA,aces,204329.0,Kiah,Stokes,K. Stokes,kiah-stokes,C,,,14:16,0,0,0.0,0,0,0.0,0,0,0.0,0,2,2,0,0,1,0,2,0,-4.0,1022400134,2025-08-10T09:32:04.595247,
1022400134,1611661319,Las Vegas,Aces,LVA,aces,1628276.0,Kelsey,Plum,K. Plum,kelsey-plum,G,,,32:34,4,11,0.364,2,6,0.333,5,5,1.0,0,5,5,7,2,0,3,3,15,22.0,1022400134,2025-08-10T09:32:04.595247,
1022400134,1611661319,Las Vegas,Aces,LVA,aces,203833.0,Chelsea,Gray,C. Gray,chelsea-gray,G,,,31:16,2,9,0.222,0,3,0.0,1,2,0.5,0,3,3,5,1,0,1,1,5,17.0,1022400134,2025-08-10T09:32:04.595247,
1022400134,1611661319,Las Vegas,Aces,LVA,aces,202252.0,Alysha,Clark,A. Clark,alysha-clark,,,,20:33,1,5,0.2,1,3,0.333,0,0,0.0,0,2,2,2,0,1,1,2,3,0.0,1022400134,2025-08-10T09:32:04.595247,
1022400134,1611661319,Las Vegas,Aces,LVA,aces,203026.0,Tiffany,Hayes,T. Hayes,tiffany-hayes,,,,18:34,1,4,0.25,0,1,0.0,1,2,0.5,0,0,0,1,0,0,0,0,3,1.0,1022400134,2025-08-10T09:32:04.595247,
1022400134,1611661319,Las Vegas,Aces,LVA,aces,1642324.0,Kate,Martin,K. Martin,kate-martin,,,,10:41,2,5,0.4,2,4,0.5,0,0,0.0,1,1,2,0,2,0,1,2,6,-9.0,1022400134,2025-08-10T09:32:04.595247,
1022400134,1611661319,Las Vegas,Aces,LVA,aces,1631006.0,Kierstan,Bell,K. Bell,kierstan-bell,,DNP - Coach's Decision,,,0,0,0.0,0,0,0.0,0,0,0.0,0,0,0,0,0,0,0,0,0,0.0,1022400134,2025-08-10T09:32:04.595247,
1022400134,1611661319,Las Vegas,Aces,LVA,aces,202641.0,Sydney,Colson,S. Colson,sydney-colson,,DNP - Coach's Decision,,,0,0,0.0,0,0,0.0,0,0,0.0,0,0,0,0,0,0,0,0,0,0.0,1022400134,2025-08-10T09:32:04.595247,
1022400134,1611661319,Las Vegas,Aces,LVA,aces,1629484.0,Megan,Gustafson,M. Gustafson,megan-gustafson,,DNP - Coach's Decision,,,0,0,0.0,0,0,0.0,0,0,0.0,0,0,0,0,0,0,0,0,0,0.0,1022400134,2025-08-10T09:32:04.595247,
1022400134,1611661330,Atlanta,Dream,ATL,dream,1628277.0,Allisha,Gray,A. Gray,allisha-gray,F,,,38:22,4,15,0.267,0,5,0.0,3,5,0.6,2,5,7,4,0,1,3,1,11,-8.0,1022400134,2025-08-10T09:32:04.595247,
1022400134,1611661330,Atlanta,Dream,ATL,dream,1631044.0,Naz,Hillmon,N. Hillmon,naz-hillmon,F,,,18:00,1,1,1.0,0,0,0.0,0,0,0.0,3,6,9,1,0,0,0,0,2,-14.0,1022400134,2025-08-10T09:32:04.595247,
1022400134,1611661330,Atlanta,Dream,ATL,dream,202250.0,Tina,Charles,T. Charles,tina-charles,C,,,25:46,5,17,0.294,0,0,0.0,2,4,0.5,4,8,12,1,0,0,1,4,12,-30.0,1022400134,2025-08-10T09:32:04.595247,
1022400134,1611661330,Atlanta,Dream,ATL,dream,1630471.0,Maya,Caldwell,M. Caldwell,maya-caldwell,G,,,28:46,6,17,0.353,1,9,0.111,0,0,0.0,1,2,3,0,0,0,2,2,13,-17.0,1022400134,2025-08-10T09:32:04.595247,
1022400134,1611661330,Atlanta,Dream,ATL,dream,1641650.0,Haley,Jones,H. Jones,haley-jones,G,,,26:38,1,5,0.2,1,2,0.5,0,0,0.0,0,1,1,2,0,1,3,3,3,-18.0,1022400134,2025-08-10T09:32:04.595247,
1022400134,1611661330,Atlanta,Dream,ATL,dream,204323.0,Cheyenne,Parker-Tyus,C. Parker-Tyus,cheyenne-parker-tyus,,,,20:48,7,9,0.778,0,1,0.0,3,4,0.75,1,6,7,0,2,0,1,0,17,7.0,1022400134,2025-08-10T09:32:04.595247,
1022400134,1611661330,Atlanta,Dream,ATL,dream,1628269.0,Nia,Coffey,N. Coffey,nia-coffey,,,,15:26,1,5,0.2,0,1,0.0,2,2,1.0,1,4,5,3,0,2,1,1,4,9.0,1022400134,2025-08-10T09:32:04.595247,
1022400134,1611661330,Atlanta,Dream,ATL,dream,1631089.0,Destanni,Henderson,D. Henderson,destanni-henderson,,,,26:14,4,8,0.5,0,1,0.0,0,0,0.0,0,3,3,5,2,0,3,3,8,1.0,1022400134,2025-08-10T09:32:04.595247,
1022400134,1611661330,Atlanta,Dream,ATL,dream,1631032.0,Lorela,Cubaj,L. Cubaj,lorela-cubaj,,DNP - Coach's Decision,,,0,0,0.0,0,0,0.0,0,0,0.0,0,0,0,0,0,0,0,0,0,0.0,1022400134,2025-08-10T09:32:04.595247,
1022400134,1611661330,Atlanta,Dream,ATL,dream,,,,,,,,,137:32,17,55,0.309,2,16,0.125,5,9,0.556,10,22,32,8,0,2,9,10,41,,1022400134,2025-08-10T09:32:04.595247,Starters
1022400134,1611661330,Atlanta,Dream,ATL,dream,,,,,,,,,137:32,12,22,0.545,0,3,0.0,5,6,0.833,2,13,15,8,4,2,5,4,29,,1022400134,2025-08-10T09:32:04.595247,Bench
1022400134,1611661319,Las Vegas,Aces,LVA,aces,,,,,,,,,150:12,25,56,0.446,9,21,0.429,13,15,0.867,2,30,32,19,6,6,7,10,72,,1022400134,2025-08-10T09:32:04.595247,Starters
1022400134,1611661319,Las Vegas,Aces,LVA,aces,,,,,,,,,150:12,4,14,0.286,3,8,0.375,1,2,0.5,1,3,4,3,2,1,2,4,12,,1022400134,2025-08-10T09:32:04.595247,Bench
1022400134,1611661330,Atlanta,Dream,ATL,dream,,,,,,,,,200:00,29,77,0.377,2,19,0.105,10,15,0.667,12,35,47,16,4,4,14,14,70,-14.0,1022400134,2025-08-10T09:32:04.595247,
1022400134,1611661319,Las Vegas,Aces,LVA,aces,,,,,,,,,200:00,29,70,0.414,12,29,0.414,14,17,0.824,3,33,36,22,8,7,9,14,84,14.0,1022400134,2025-08-10T09:32:04.595247,
2022300344,1612709910,Fort Wayne,Mad Ants,FWN,mad-ants,1630817.0,Pedro,Bradshaw,P. Bradshaw,pedro-bradshaw,F,,,19:55,1,5,0.2,0,1,0.0,1,1,1.0,0,1,1,0,2,0,1,1,4,-9.0,2022300344,2025-08-10T09:32:05.305894,
2022300344,1612709910,Fort Wayne,Mad Ants,FWN,mad-ants,1631112.0,Kendall,Brown,K. Brown,kendall-brown,F,,,37:31,13,16,0.813,1,2,0.5,4,4,1.0,0,3,3,2,1,0,3,1,32,4.0,2022300344,2025-08-10T09:32:05.305894,
2022300344,1612709910,Fort Wayne,Mad Ants,FWN,mad-ants,1631131.0,Oscar,Tshiebwe,O. Tshiebwe,oscar-tshiebwe,C,,,36:57,10,15,0.667,0,0,0.0,4,5,0.8,4,23,27,5,3,3,0,2,28,16.0,2022300344,2025-08-10T09:32:05.305894,
2022300344,1612709910,Fort Wayne,Mad Ants,FWN,mad-ants,203901.0,Elfrid,Payton,E. Payton,elfrid-payton,G,,,35:52,6,15,0.4,0,1,0.0,0,2,0.0,1,5,6,8,1,0,4,0,12,7.0,2022300344,2025-08-10T09:32:05.305894,
2022300344,1612709910,Fort Wayne,Mad Ants,FWN,mad-ants,1630667.0,Kyle,Mangas,K. Mangas,kyle-mangas,G,,,36:43,5,11,0.455,1,4,0.25,2,2,1.0,0,2,2,1,1,0,1,1,15,14.0,2022300344,2025-08-10T09:32:05.305894,
2022300344,1612709910,Fort Wayne,Mad Ants,FWN,mad-ants,1630847.0,Will,Vorhees,W. Vorhees,will-vorhees,,,,11:03,1,2,0.5,0,0,0.0,0,0,0.0,1,0,1,0,0,1,0,3,2,-8.0,2022300344,2025-08-10T09:32:05.305894,
2022300344,1612709910,Fort Wayne,Mad Ants,FWN,mad-ants,1631209.0,Isaiah,Wong,I. Wong,isaiah-wong,,,,34:29,8,15,0.533,3,6,0.5,1,1,1.0,0,4,4,1,0,0,4,3,20,5.0,2022300344,2025-08-10T09:32:05.305894,
2022300344,1612709910,Fort Wayne,Mad Ants,FWN,mad-ants,1628591.0,Craig,Sword,C. Sword,craig-sword,,,,14:48,0,0,0.0,0,0,0.0,0,0,0.0,0,2,2,1,0,0,0,3,0,6.0,2022300344,2025-08-10T09:32:05.305894,
2022300344,1612709910,Fort Wayne,Mad Ants,FWN,mad-ants,1641849.0,Darius,McGhee,D. McGhee,darius-mcghee,,,,12:42,1,6,0.167,1,4,0.25,2,2,1.0,0,1,1,4,0,0,0,0,5,5.0,2022300344,2025-08-10T09:32:05.305894,
2022300344,1612709910,Fort Wayne,Mad Ants,FWN,mad-ants,1628395.0,Jordan,Bell,J. Bell,jordan-bell,,NWT - Injury/Illness,,,0,0,0.0,0,0,0.0,0,0,0.0,0,0,0,0,0,0,0,0,0,0.0,2022300344,2025-08-10T09:32:05.305894,
2022300344,1612709910,Fort Wayne,Mad Ants,FWN,mad-ants,1627208.0,Stephan,Hicks,S. Hicks,stephan-hicks,,DNP - Coach's Decision,,,0,0,0.0,0,0,0.0,0,0,0.0,0,0,0,0,0,0,0,0,0,0.0,2022300344,2025-08-10T09:32:05.305894,
2022300344,1612709910,Fort Wayne,Mad Ants,FWN,mad-ants,1631340.0,Mojave,King,M. King,mojave-king,,NWT - Injury/Illness,,,0,0,0.0,0,0,0.0,0,0,0.0,0,0,0,0,0,0,0,0,0,0.0,2022300344,2025-08-10T09:32:05.305894,
2022300344,1612709932,Motor City,Cruise,MCC,cruise,1631197.0,Jared,Rhoden,J. Rhoden,jared-rhoden,F,,,37:33,13,20,0.65,5,8,0.625,0,1,0.0,0,6,6,0,1,1,1,4,31,11.0,2022300344,2025-08-10T09:32:05.305894,
2022300344,1612709932,Motor City,Cruise,MCC,cruise,1630649.0,Stanley,Umude,S. Umude,stanley-umude,F,,,21:26,1,9,0.111,0,7,0.0,0,0,0.0,0,3,3,1,1,1,1,2,2,-13.0,2022300344,2025-08-10T09:32:05.305894,
2022300344,1612709932,Motor City,Cruise,MCC,cruise,1631384.0,Jayce,Johnson,J. Johnson,jayce-johnson,C,,,29:16,6,9,0.667,0,0,0.0,1,1,1.0,5,5,10,0,0,1,3,4,14,2.0,2022300344,2025-08-10T09:32:05.305894,
2022300344,1612709932,Motor City,Cruise,MCC,cruise,1631205.0,Buddy,Boeheim,B. Boeheim,buddy-boeheim,G,,,32:43,9,16,0.563,6,9,0.667,1,1,1.0,1,2,3,3,4,0,0,3,26,13.0,2022300344,2025-08-10T09:32:05.305894,
2022300344,1612709932,Motor City,Cruise,MCC,cruise,1630285.0,Zavier,Simpson,Z. Simpson,zavier-simpson,G,,,37:44,6,17,0.353,1,6,0.167,1,2,0.5,1,3,4,14,1,0,3,2,15,0.0,2022300344,2025-08-10T09:32:05.305894,
2022300344,1612709932,Motor City,Cruise,MCC,cruise,1641787.0,Tosan,Evbuomwan,T. Evbuomwan,tosan-evbuomwan,,,,34:08,7,13,0.538,1,2,0.5,0,0,0.0,0,8,8,3,1,0,2,3,15,-7.0,2022300344,2025-08-10T09:32:05.305894,
2022300344,1612709932,Motor City,Cruise,MCC,cruise,1630233.0,Nathan,Knight,N. Knight,nathan-knight,,,,18:44,1,6,0.167,0,2,0.0,2,2,1.0,3,3,6,0,0,0,1,1,5,-10.0,2022300344,2025-08-10T09:32:05.305894,
2022300344,1612709932,Motor City,Cruise,MCC,cruise,1642045.0,Devon,Higgs,D. Higgs,devon-higgs,,,,15:17,1,2,0.5,0,1,0.0,0,0,0.0,1,0,1,0,0,0,0,1,2,-21.0,2022300344,2025-08-10T09:32:05.305894,
2022300344,1612709932,Motor City,Cruise,MCC,cruise,1628532.0,ShawnDre,Jones,S. Jones,shawndre-jones,,,,10:16,0,5,0.0,0,4,0.0,0,0,0.0,0,0,0,3,0,0,0,0,0,-8.0,2022300344,2025-08-10T09:32:05.305894,
2022300344,1612709932,Motor City,Cruise,MCC,cruise,1631208.0,Ryan,Turell,R. Turell,ryan-turell,,,,2:53,0,1,0.0,0,1,0.0,0,0,0.0,0,0,0,0,0,0,0,0,0,-7.0,2022300344,2025-08-10T09:32:05.305894,
2022300344,1612709932,Motor City,Cruise,MCC,cruise,1642071.0,Sam,Peek,S. Peek,sam-peek,,DNP - Coach's Decision,,,0,0,0.0,0,0,0.0,0,0,0.0,0,0,0,0,0,0,0,0,0,0.0,2022300344,2025-08-10T09:32:05.305894,
2022300344,1612709932,Motor City,Cruise,MCC,cruise,1631341.0,Chandler,Vaudrin,C. Vaudrin,chandler-vaudrin,,DNP - Injury/Illness,,,0,0,0.0,0,0,0.0,0,0,0.0,0,0,0,0,0,0,0,0,0,0.0,2022300344,2025-08-10T09:32:05.305894,
2022300344,1612709932,Motor City,Cruise,MCC,cruise,,,,,,,,,158:42,35,71,0.493,12,30,0.4,3,5,0.6,7,19,26,18,7,3,8,15,88,,2022300344,2025-08-10T09:32:05.305894,Starters
2022300344,1612709932,Motor City,Cruise,MCC,cruise,,,,,,,,,158:42,9,27,0.333,1,10,0.1,2,2,1.0,4,11,15,6,1,0,3,5,22,,2022300344,2025-08-10T09:32:05.305894,Bench
2022300344,1612709910,Fort Wayne,Mad Ants,FWN,mad-ants,,,,,,,,,166:58,35,62,0.565,2,8,0.25,11,14,0.786,5,34,39,16,8,3,9,5,91,,2022300344,2025-08-10T09:32:05.305894,Starters
2022300344,1612709910,Fort Wayne,Mad Ants,FWN,mad-ants,,,,,,,,,166:58,10,23,0.435,4,10,0.4,3,3,1.0,1,7,8,6,0,1,4,9,27,,2022300344,2025-08-10T09:32:05.305894,Bench
2022300344,1612709932,Motor City,Cruise,MCC,cruise,,,,,,,,,240:00,44,98,0.449,13,40,0.325,5,7,0.714,11,30,41,24,8,3,11,20,110,-8.0,2022300344,2025-08-10T09:32:05.305894,
2022300344,1612709910,Fort Wayne,Mad Ants,FWN,mad-ants,,,,,,,,,240:00,45,85,0.529,6,18,0.333,14,17,0.824,6,41,47,22,8,4,13,14,118,8.0,2022300344,2025-08-10T09:32:05.305894,
2022200397,1612709928,Capital City,Go-Go,CCG,go-go,1628591.0,Craig,Sword,C. Sword,craig-sword,F,,,27:43,4,7,0.571,0,0,0.0,2,3,0.667,1,4,5,0,2,0,1,3,11,-20.0,2022200397,2025-08-10T09:32:14.686198,
2022200397,1612709928,Capital City,Go-Go,CCG,go-go,1631262.0,Jules,Bernard,J. Bernard,jules-bernard,F,,,36:05,4,12,0.333,1,5,0.2,3,3,1.0,3,0,3,1,7,0,3,0,14,-21.0,2022200397,2025-08-10T09:32:14.686198,
2022200397,1612709928,Capital City,Go-Go,CCG,go-go,1630643.0,Jay,Huff,J. Huff,jay-huff,C,,,19:53,5,8,0.625,0,0,0.0,1,1,1.0,4,2,6,2,0,0,1,1,12,-23.0,2022200397,2025-08-10T09:32:14.686198,
2022200397,1612709928,Capital City,Go-Go,CCG,go-go,1631293.0,Davion,Mintz,D. Mintz,davion-mintz,G,,,39:27,4,12,0.333,1,4,0.25,2,2,1.0,0,2,2,4,2,0,2,1,13,-13.0,2022200397,2025-08-10T09:32:14.686198,
2022200397,1612709928,Capital City,Go-Go,CCG,go-go,1629653.0,Devon,Dotson,D. Dotson,devon-dotson,G,,,27:09,1,7,0.143,0,0,0.0,1,1,1.0,1,1,2,0,0,0,4,0,4,-19.0,2022200397,2025-08-10T09:32:14.686198,
2022200397,1612709928,Capital City,Go-Go,CCG,go-go,1630652.0,Trevion,Williams,T. Williams,trevion-williams,,,,27:02,10,12,0.833,0,1,0.0,1,1,1.0,5,7,12,2,0,0,2,1,22,-8.0,2022200397,2025-08-10T09:32:14.686198,
2022200397,1612709928,Capital City,Go-Go,CCG,go-go,1631245.0,Quenton,Jackson,Q. Jackson,quenton-jackson,,,,14:06,2,2,1.0,0,0,0.0,0,1,0.0,0,0,0,1,2,0,7,2,4,-11.0,2022200397,2025-08-10T09:32:14.686198,
2022200397,1612709928,Capital City,Go-Go,CCG,go-go,1630225.0,Isaiah,Todd,I. Todd,isaiah-todd,,,,25:44,2,6,0.333,2,5,0.4,3,3,1.0,1,1,2,0,0,0,0,4,10,-11.0,2022200397,2025-08-10T09:32:14.686198,
2022200397,1612709928,Capital City,Go-Go,CCG,go-go,1628600.0,JD,Tisdale Jr.,J. Tisdale Jr.,jd-tisdale-jr,,,,14:53,1,4,0.25,1,2,0.5,1,1,1.0,0,0,0,2,2,0,1,2,5,3.0,2022200397,2025-08-10T09:32:14.686198,
2022200397,1612709928,Capital City,Go-Go,CCG,go-go,1631294.0,Theo,John,T. John,theo-john,,,,4:33,0,0,0.0,0,0,0.0,0,0,0.0,0,0,0,0,0,0,0,0,0,-6.0,2022200397,2025-08-10T09:32:14.686198,
2022200397,1612709928,Capital City,Go-Go,CCG,go-go,1631426.0,Isaiah,Mucius,I. Mucius,isaiah-mucius,,,,3:25,0,3,0.0,0,1,0.0,0,0,0.0,0,0,0,0,0,0,0,0,0,-5.0,2022200397,2025-08-10T09:32:14.686198,
2022200397,1612709928,Capital City,Go-Go,CCG,go-go,1630588.0,Makur,Maker,M. Maker,makur-maker,,DNP - Coach's Decision,,,0,0,0.0,0,0,0.0,0,0,0.0,0,0,0,0,0,0,0,0,0,0.0,2022200397,2025-08-10T09:32:14.686198,
2022200397,1612709925,Osceola,Magic,OSC,magic,1630284.0,Kevon,Harris,K. Harris,kevon-harris,F,,,31:10,5,9,0.556,0,2,0.0,1,1,1.0,0,3,3,5,3,0,2,3,11,30.0,2022200397,2025-08-10T09:32:14.686198,
2022200397,1612709925,Osceola,Magic,OSC,magic,1631421.0,Au'Diese,Toney,A. Toney,audiese-toney,F,,,26:11,5,8,0.625,1,2,0.5,2,2,1.0,3,2,5,0,1,0,0,0,15,22.0,2022200397,2025-08-10T09:32:14.686198,
2022200397,1612709925,Osceola,Magic,OSC,magic,1630312.0,Robert,Baker,R. Baker,robert-baker,C,,,31:12,9,11,0.818,2,3,0.667,2,2,1.0,1,6,7,2,2,3,2,4,24,30.0,2022200397,2025-08-10T09:32:14.686198,
2022200397,1612709925,Osceola,Magic,OSC,magic,1630206.0,Jay,Scrubb,J. Scrubb,jay-scrubb,G,,,8:43,3,4,0.75,1,2,0.5,0,0,0.0,0,2,2,0,0,0,4,1,7,9.0,2022200397,2025-08-10T09:32:14.686198,
2022200397,1612709925,Osceola,Magic,OSC,magic,1630285.0,Zavier,Simpson,Z. Simpson,zavier-simpson,G,,,32:08,6,10,0.6,0,1,0.0,1,2,0.5,1,3,4,11,4,0,4,2,14,22.0,2022200397,2025-08-10T09:32:14.686198,
2022200397,1612709925,Osceola,Magic,OSC,magic,1631216.0,Caleb,Houstan,C. Houstan,caleb-houstan,,,,28:00,6,11,0.545,5,10,0.5,0,0,0.0,2,3,5,2,0,1,3,1,17,20.0,2022200397,2025-08-10T09:32:14.686198,
2022200397,1612709925,Osceola,Magic,OSC,magic,1630555.0,Joel,Ayayi,J. Ayayi,joel-ayayi,,,,21:49,2,3,0.667,1,1,1.0,0,0,0.0,0,1,1,3,3,1,2,1,5,3.0,2022200397,2025-08-10T09:32:14.686198,
2022200397,1612709925,Osceola,Magic,OSC,magic,1629245.0,Nuni,Omot,N. Omot,nuni-omot,,,,14:19,2,2,1.0,1,1,1.0,0,0,0.0,0,0,0,2,0,0,0,3,5,-5.0,2022200397,2025-08-10T09:32:14.686198,
2022200397,1612709925,Osceola,Magic,OSC,magic,1630758.0,Aleem,Ford,A. Ford,aleem-ford,,,,22:09,7,10,0.7,3,6,0.5,0,0,0.0,0,1,1,1,0,0,1,1,17,0.0,2022200397,2025-08-10T09:32:14.686198,
2022200397,1612709925,Osceola,Magic,OSC,magic,1630726.0,Riley,LaChance,R. LaChance,riley-lachance,,,,14:28,2,5,0.4,0,3,0.0,0,0,0.0,0,1,1,2,1,0,2,2,4,-3.0,2022200397,2025-08-10T09:32:14.686198,
2022200397,1612709925,Osceola,Magic,OSC,magic,1631457.0,Alex,Morales,A. Morales,alex-morales,,,,9:51,0,1,0.0,0,1,0.0,0,0,0.0,0,3,3,1,0,0,3,3,0,1.0,2022200397,2025-08-10T09:32:14.686198,
2022200397,1612709925,Osceola,Magic,OSC,magic,1631300.0,Drake,Jeffries,D. Jeffries,drake-jeffries,,DNP - Coach's Decision,,,0,0,0.0,0,0,0.0,0,0,0.0,0,0,0,0,0,0,0,0,0,0.0,2022200397,2025-08-10T09:32:14.686198,
2022200397,1612709925,Osceola,Magic,OSC,magic,,,,,,,,,129:24,28,42,0.667,4,10,0.4,6,7,0.857,5,16,21,18,10,3,12,10,71,,2022200397,2025-08-10T09:32:14.686198,Starters
2022200397,1612709925,Osceola,Magic,OSC,magic,,,,,,,,,129:24,19,32,0.594,10,22,0.455,0,0,0.0,2,9,11,11,4,2,11,11,48,,2022200397,2025-08-10T09:32:14.686198,Bench
2022200397,1612709928,Capital City,Go-Go,CCG,go-go,,,,,,,,,150:17,18,46,0.391,2,9,0.222,9,10,0.9,9,9,18,7,11,0,11,5,54,,2022200397,2025-08-10T09:32:14.686198,Starters
2022200397,1612709928,Capital City,Go-Go,CCG,go-go,,,,,,,,,150:17,15,27,0.556,3,9,0.333,5,6,0.833,6,8,14,5,4,0,10,9,41,,2022200397,2025-08-10T09:32:14.686198,Bench
2022200397,1612709925,Osceola,Magic,OSC,magic,,,,,,,,,240:00,47,74,0.635,14,32,0.438,6,7,0.857,7,25,32,29,14,5,23,21,119,24.0,2022200397,2025-08-10T09:32:14.686198,
2022200397,1612709928,Capital City,Go-Go,CCG,go-go,,,,,,,,,240:00,33,73,0.452,5,18,0.278,14,16,0.875,15,17,32,12,15,0,21,14,95,-24.0,2022200397,2025-08-10T09:32:14.686198,
2022400192,1612709934,Valley,Suns,VAL,suns,1642473.0,Moses,Wood,M. Wood,moses-wood,F,,,22:56,3,8,0.375,1,6,0.167,0,0,0.0,1,2,3,0,2,0,0,3,7,-2.0,2022400192,2025-08-10T09:32:21.826345,
2022400192,1612709934,Valley,Suns,VAL,suns,1641779.0,Jalen,Bridges,J. Bridges,jalen-bridges,F,,,33:14,7,18,0.389,3,10,0.3,1,1,1.0,3,5,8,1,3,4,1,1,18,8.0,2022400192,2025-08-10T09:32:21.826345,
2022400192,1612709934,Valley,Suns,VAL,suns,1642345.0,Oso,Ighodaro,O. Ighodaro,oso-ighodaro,C,,,33:21,9,14,0.643,0,0,0.0,0,1,0.0,5,13,18,5,0,0,3,0,18,13.0,2022400192,2025-08-10T09:32:21.826345,
2022400192,1612709934,Valley,Suns,VAL,suns,1631102.0,TyTy,Washington Jr.,T. Washington Jr.,tyty-washington-jr,G,,,30:37,6,14,0.429,1,5,0.2,0,0,0.0,1,2,3,4,0,1,2,0,13,5.0,2022400192,2025-08-10T09:32:21.826345,
2022400192,1612709934,Valley,Suns,VAL,suns,1631221.0,Collin,Gillespie,C. Gillespie,collin-gillespie,G,,,41:39,11,20,0.55,4,10,0.4,4,6,0.667,3,6,9,9,2,0,3,0,31,11.0,2022400192,2025-08-10T09:32:21.826345,
2022400192,1612709934,Valley,Suns,VAL,suns,204065.0,David,Stockton,D. Stockton,david-stockton,,,,23:58,3,8,0.375,2,6,0.333,1,1,1.0,1,2,3,7,1,0,3,3,10,0.0,2022400192,2025-08-10T09:32:21.826345,
2022400192,1612709934,Valley,Suns,VAL,suns,1628778.0,Paul,Watson,P. Watson,paul-watson,,,,16:26,0,3,0.0,0,3,0.0,0,0,0.0,0,1,1,0,0,0,0,1,0,0.0,2022400192,2025-08-10T09:32:21.826345,
2022400192,1612709934,Valley,Suns,VAL,suns,1631455.0,Jaden,Shackelford,J. Shackelford,jaden-shackelford,,,,23:10,6,17,0.353,1,8,0.125,4,5,0.8,1,1,2,2,0,0,0,2,18,6.0,2022400192,2025-08-10T09:32:21.826345,
2022400192,1612709934,Valley,Suns,VAL,suns,1642487.0,Tyrese,Samuel,T. Samuel,tyrese-samuel,,,,14:39,3,4,0.75,0,0,0.0,1,1,1.0,1,7,8,0,0,1,0,0,7,-6.0,2022400192,2025-08-10T09:32:21.826345,
2022400192,1612709934,Valley,Suns,VAL,suns,1630711.0,Olin,Carter III,O. Carter III,olin-carter-iii,,DNP - Coach's Decision,,,0,0,0.0,0,0,0.0,0,0,0.0,0,0,0,0,0,0,0,0,0,0.0,2022400192,2025-08-10T09:32:21.826345,
2022400192,1612709934,Valley,Suns,VAL,suns,1629603.0,Mamadi,Diakite,M. Diakite,mamadi-diakite,,DND - Injury/Illness,,,0,0,0.0,0,0,0.0,0,0,0.0,0,0,0,0,0,0,0,0,0,0.0,2022400192,2025-08-10T09:32:21.826345,
2022400192,1612709934,Valley,Suns,VAL,suns,1629993.0,Kaleb,Johnson,K. Johnson,kaleb-johnson,,DNP - Coach's Decision,,,0,0,0.0,0,0,0.0,0,0,0.0,0,0,0,0,0,0,0,0,0,0.0,2022400192,2025-08-10T09:32:21.826345,
2022400192,1612709934,Valley,Suns,VAL,suns,1630199.0,Cassius,Stanley,C. Stanley,cassius-stanley,,DNP - Coach's Decision,,,0,0,0.0,0,0,0.0,0,0,0.0,0,0,0,0,0,0,0,0,0,0.0,2022400192,2025-08-10T09:32:21.826345,
2022400192,1612709934,Valley,Suns,VAL,suns,1628698.0,Eric,Washington,E. Washington,eric-washington,,DNP - Coach's Decision,,,0,0,0.0,0,0,0.0,0,0,0.0,0,0,0,0,0,0,0,0,0,0.0,2022400192,2025-08-10T09:32:21.826345,
2022400192,1612709903,Salt Lake City,Stars,SLC,stars,1641795.0,Taevion,Kinsey,T. Kinsey,taevion-kinsey,F,,,39:06,7,10,0.7,2,4,0.5,0,1,0.0,3,2,5,0,1,0,1,1,16,5.0,2022400192,2025-08-10T09:32:21.826345,
2022400192,1612709903,Salt Lake City,Stars,SLC,stars,1641864.0,Keshawn,Justice,K. Justice,keshawn-justice,F,,,28:55,3,9,0.333,2,6,0.333,1,1,1.0,0,7,7,2,1,0,1,1,10,6.0,2022400192,2025-08-10T09:32:21.826345,
2022400192,1612709903,Salt Lake City,Stars,SLC,stars,1642693.0,Jaylan,Gainey,J. Gainey,jaylan-gainey,C,,,24:43,2,3,0.667,0,0,0.0,0,0,0.0,1,9,10,2,0,4,2,1,4,5.0,2022400192,2025-08-10T09:32:21.826345,
2022400192,1612709903,Salt Lake City,Stars,SLC,stars,1631220.0,Dereon,Seabron,D. Seabron,dereon-seabron,G,,,41:41,9,15,0.6,2,3,0.667,0,1,0.0,2,9,11,7,0,0,4,3,20,-9.0,2022400192,2025-08-10T09:32:21.826345,
2022400192,1612709903,Salt Lake City,Stars,SLC,stars,202738.0,Isaiah,Thomas,I. Thomas,isaiah-thomas,G,,,33:29,13,28,0.464,4,10,0.4,5,5,1.0,2,1,3,9,2,1,6,4,40,-5.0,2022400192,2025-08-10T09:32:21.826345,
2022400192,1612709903,Salt Lake City,Stars,SLC,stars,1631171.0,Justin,Lewis,J. Lewis,justin-lewis,,,,23:17,2,9,0.222,1,5,0.2,0,0,0.0,2,7,9,3,3,0,3,1,5,-12.0,2022400192,2025-08-10T09:32:21.826345,
2022400192,1612709903,Salt Lake City,Stars,SLC,stars,1630546.0,Max,Abmas,M. Abmas,max-abmas,,,,20:50,2,8,0.25,1,7,0.143,1,2,0.5,0,1,1,2,1,0,0,2,7,0.0,2022400192,2025-08-10T09:32:21.826345,
2022400192,1612709903,Salt Lake City,Stars,SLC,stars,1641526.0,Babacar,Sane,B. Sane,babacar-sane,,,,4:12,0,1,0.0,0,1,0.0,0,0,0.0,0,0,0,0,0,0,0,0,0,-9.0,2022400192,2025-08-10T09:32:21.826345,
2022400192,1612709903,Salt Lake City,Stars,SLC,stars,1641863.0,Dane,Goodwin,D. Goodwin,dane-goodwin,,,,23:47,5,11,0.455,3,8,0.375,0,0,0.0,1,6,7,1,1,0,0,3,13,-16.0,2022400192,2025-08-10T09:32:21.826345,
2022400192,1612709903,Salt Lake City,Stars,SLC,stars,1641989.0,Elijah,Harkless,E. Harkless,elijah-harkless,,DNP - Coach's Decision,,,0,0,0.0,0,0,0.0,0,0,0.0,0,0,0,0,0,0,0,0,0,0.0,2022400192,2025-08-10T09:32:21.826345,
2022400192,1612709903,Salt Lake City,Stars,SLC,stars,1642640.0,Justin,Harmon,J. Harmon,justin-harmon,,DNP - Coach's Decision,,,0,0,0.0,0,0,0.0,0,0,0.0,0,0,0,0,0,0,0,0,0,0.0,2022400192,2025-08-10T09:32:21.826345,
2022400192,1612709903,Salt Lake City,Stars,SLC,stars,1630695.0,Micah,Potter,M. Potter,micah-potter,,DNP - Coach's Decision,,,0,0,0.0,0,0,0.0,0,0,0.0,0,0,0,0,0,0,0,0,0,0.0,2022400192,2025-08-10T09:32:21.826345,
2022400192,1612709903,Salt Lake City,Stars,SLC,stars,1631131.0,Oscar,Tshiebwe,O. Tshiebwe,oscar-tshiebwe,,DNP - Coach's Decision,,,0,0,0.0,0,0,0.0,0,0,0.0,0,0,0,0,0,0,0,0,0,0.0,2022400192,2025-08-10T09:32:21.826345,
2022400192,1612709903,Salt Lake City,Stars,SLC,stars,,,,,,,,,167:54,34,65,0.523,10,23,0.435,6,8,0.75,8,28,36,20,4,5,14,10,90,,2022400192,2025-08-10T09:32:21.826345,Starters
2022400192,1612709903,Salt Lake City,Stars,SLC,stars,,,,,,,,,167:54,9,29,0.31,5,21,0.238,1,2,0.5,3,14,17,6,5,0,3,6,25,,2022400192,2025-08-10T09:32:21.826345,Bench
2022400192,1612709934,Valley,Suns,VAL,suns,,,,,,,,,161:47,36,74,0.486,9,31,0.29,5,8,0.625,13,28,41,19,7,5,9,4,87,,2022400192,2025-08-10T09:32:21.826345,Starters
2022400192,1612709934,Valley,Suns,VAL,suns,,,,,,,,,161:47,12,32,0.375,3,17,0.176,6,7,0.857,3,11,14,9,1,1,3,6,35,,2022400192,2025-08-10T09:32:21.826345,Bench
2022400192,1612709903,Salt Lake City,Stars,SLC,stars,,,,,,,,,240:00,43,94,0.457,15,44,0.341,7,10,0.7,11,42,53,26,9,5,17,16,115,-7.0,2022400192,2025-08-10T09:32:21.826345,
2022400192,1612709934,Valley,Suns,VAL,suns,,,,,,,,,240:00,48,106,0.453,12,48,0.25,11,15,0.733,16,39,55,28,8,6,12,10,122,7.0,2022400192,2025-08-10T09:32:21.826345,
